file,line,type,commit,author,date,time,timezone,datetime,depth,length
style.css,1,css,ea5c1819,Nathan Su,2026-04-09,18:11:03,-07:00,2026-04-09T18:11:03-07:00,0,5
style.css,2,css,ea5c1819,Nathan Su,2026-04-09,18:11:03,-07:00,2026-04-09T18:11:03-07:00,1,31
style.css,3,css,71831e2a,Nathan Su,2026-04-15,21:26:33,-07:00,2026-04-15T21:26:33-07:00,1,71
style.css,4,css,71831e2a,Nathan Su,2026-04-15,21:26:33,-07:00,2026-04-15T21:26:33-07:00,1,65
style.css,5,css,ea5c1819,Nathan Su,2026-04-09,18:11:03,-07:00,2026-04-09T18:11:03-07:00,0,0
style.css,6,css,ea5c1819,Nathan Su,2026-04-09,18:11:03,-07:00,2026-04-09T18:11:03-07:00,0,0
style.css,7,css,ea5c1819,Nathan Su,2026-04-09,18:11:03,-07:00,2026-04-09T18:11:03-07:00,0,4
style.css,8,css,ea5c1819,Nathan Su,2026-04-09,18:11:03,-07:00,2026-04-09T18:11:03-07:00,1,32
style.css,9,css,71831e2a,Nathan Su,2026-04-15,21:26:33,-07:00,2026-04-15T21:26:33-07:00,1,76
style.css,10,css,71831e2a,Nathan Su,2026-04-15,21:26:33,-07:00,2026-04-15T21:26:33-07:00,1,23
style.css,11,css,ea5c1819,Nathan Su,2026-04-09,18:11:03,-07:00,2026-04-09T18:11:03-07:00,0,0
style.css,12,css,ea5c1819,Nathan Su,2026-04-09,18:11:03,-07:00,2026-04-09T18:11:03-07:00,0,0
style.css,13,css,8913c871,Nathan Su,2026-04-03,01:24:00,-07:00,2026-04-03T01:24:00-07:00,0,4
style.css,14,css,8913c871,Nathan Su,2026-04-03,01:24:00,-07:00,2026-04-03T01:24:00-07:00,1,43
style.css,15,css,ea5c1819,Nathan Su,2026-04-09,18:11:03,-07:00,2026-04-09T18:11:03-07:00,3,42
style.css,16,css,ea5c1819,Nathan Su,2026-04-09,18:11:03,-07:00,2026-04-09T18:11:03-07:00,1,0
style.css,17,css,8913c871,Nathan Su,2026-04-03,01:24:00,-07:00,2026-04-03T01:24:00-07:00,1,23
style.css,18,css,ea5c1819,Nathan Su,2026-04-09,18:11:03,-07:00,2026-04-09T18:11:03-07:00,1,15
style.css,19,css,ea5c1819,Nathan Su,2026-04-09,18:11:03,-07:00,2026-04-09T18:11:03-07:00,1,18
style.css,20,css,ea5c1819,Nathan Su,2026-04-09,18:11:03,-07:00,2026-04-09T18:11:03-07:00,1,12
style.css,21,css,ea5c1819,Nathan Su,2026-04-09,18:11:03,-07:00,2026-04-09T18:11:03-07:00,1,43
style.css,22,css,ea5c1819,Nathan Su,2026-04-09,18:11:03,-07:00,2026-04-09T18:11:03-07:00,1,16
style.css,23,css,ea5c1819,Nathan Su,2026-04-09,18:11:03,-07:00,2026-04-09T18:11:03-07:00,0,0
style.css,24,css,ea5c1819,Nathan Su,2026-04-09,18:11:03,-07:00,2026-04-09T18:11:03-07:00,0,0
style.css,25,css,ea5c1819,Nathan Su,2026-04-09,18:11:03,-07:00,2026-04-09T18:11:03-07:00,0,22
style.css,26,css,ea5c1819,Nathan Su,2026-04-09,18:11:03,-07:00,2026-04-09T18:11:03-07:00,1,15
style.css,27,css,ea5c1819,Nathan Su,2026-04-09,18:11:03,-07:00,2026-04-09T18:11:03-07:00,1,17
style.css,28,css,ea5c1819,Nathan Su,2026-04-09,18:11:03,-07:00,2026-04-09T18:11:03-07:00,1,43
style.css,29,css,ea5c1819,Nathan Su,2026-04-09,18:11:03,-07:00,2026-04-09T18:11:03-07:00,1,20
style.css,30,css,ea5c1819,Nathan Su,2026-04-09,18:11:03,-07:00,2026-04-09T18:11:03-07:00,1,16
style.css,31,css,ea5c1819,Nathan Su,2026-04-09,18:11:03,-07:00,2026-04-09T18:11:03-07:00,0,0
style.css,32,css,ea5c1819,Nathan Su,2026-04-09,18:11:03,-07:00,2026-04-09T18:11:03-07:00,0,0
style.css,33,css,ea5c1819,Nathan Su,2026-04-09,18:11:03,-07:00,2026-04-09T18:11:03-07:00,0,2
style.css,34,css,ea5c1819,Nathan Su,2026-04-09,18:11:03,-07:00,2026-04-09T18:11:03-07:00,1,14
style.css,35,css,ea5c1819,Nathan Su,2026-04-09,18:11:03,-07:00,2026-04-09T18:11:03-07:00,1,23
style.css,36,css,ea5c1819,Nathan Su,2026-04-09,18:11:03,-07:00,2026-04-09T18:11:03-07:00,0,0
style.css,37,css,ea5c1819,Nathan Su,2026-04-09,18:11:03,-07:00,2026-04-09T18:11:03-07:00,0,0
style.css,38,css,71831e2a,Nathan Su,2026-04-15,21:26:33,-07:00,2026-04-15T21:26:33-07:00,0,55
style.css,39,css,ea5c1819,Nathan Su,2026-04-09,18:11:03,-07:00,2026-04-09T18:11:03-07:00,0,3
style.css,40,css,ea5c1819,Nathan Su,2026-04-09,18:11:03,-07:00,2026-04-09T18:11:03-07:00,1,12
style.css,41,css,ea5c1819,Nathan Su,2026-04-09,18:11:03,-07:00,2026-04-09T18:11:03-07:00,1,36
style.css,42,css,ea5c1819,Nathan Su,2026-04-09,18:11:03,-07:00,2026-04-09T18:11:03-07:00,1,17
style.css,43,css,ea5c1819,Nathan Su,2026-04-09,18:11:03,-07:00,2026-04-09T18:11:03-07:00,1,17
style.css,44,css,ea5c1819,Nathan Su,2026-04-09,18:11:03,-07:00,2026-04-09T18:11:03-07:00,1,15
style.css,45,css,ea5c1819,Nathan Su,2026-04-09,18:11:03,-07:00,2026-04-09T18:11:03-07:00,0,0
style.css,46,css,ea5c1819,Nathan Su,2026-04-09,18:11:03,-07:00,2026-04-09T18:11:03-07:00,0,0
style.css,47,css,71831e2a,Nathan Su,2026-04-15,21:26:33,-07:00,2026-04-15T21:26:33-07:00,0,78
style.css,48,css,ea5c1819,Nathan Su,2026-04-09,18:11:03,-07:00,2026-04-09T18:11:03-07:00,0,0
style.css,49,css,ea5c1819,Nathan Su,2026-04-09,18:11:03,-07:00,2026-04-09T18:11:03-07:00,0,5
style.css,50,css,ea5c1819,Nathan Su,2026-04-09,18:11:03,-07:00,2026-04-09T18:11:03-07:00,1,6
style.css,51,css,ea5c1819,Nathan Su,2026-04-09,18:11:03,-07:00,2026-04-09T18:11:03-07:00,1,17
style.css,52,css,ea5c1819,Nathan Su,2026-04-09,18:11:03,-07:00,2026-04-09T18:11:03-07:00,1,20
style.css,53,css,ea5c1819,Nathan Su,2026-04-09,18:11:03,-07:00,2026-04-09T18:11:03-07:00,1,13
style.css,54,css,ea5c1819,Nathan Su,2026-04-09,18:11:03,-07:00,2026-04-09T18:11:03-07:00,1,13
style.css,55,css,ea5c1819,Nathan Su,2026-04-09,18:11:03,-07:00,2026-04-09T18:11:03-07:00,1,42
style.css,56,css,ea5c1819,Nathan Su,2026-04-09,18:11:03,-07:00,2026-04-09T18:11:03-07:00,0,0
style.css,57,css,ea5c1819,Nathan Su,2026-04-09,18:11:03,-07:00,2026-04-09T18:11:03-07:00,0,0
style.css,58,css,ea5c1819,Nathan Su,2026-04-09,18:11:03,-07:00,2026-04-09T18:11:03-07:00,0,16
style.css,59,css,ea5c1819,Nathan Su,2026-04-09,18:11:03,-07:00,2026-04-09T18:11:03-07:00,1,17
style.css,60,css,ea5c1819,Nathan Su,2026-04-09,18:11:03,-07:00,2026-04-09T18:11:03-07:00,0,0
style.css,61,css,ea5c1819,Nathan Su,2026-04-09,18:11:03,-07:00,2026-04-09T18:11:03-07:00,0,0
style.css,62,css,ea5c1819,Nathan Su,2026-04-09,18:11:03,-07:00,2026-04-09T18:11:03-07:00,0,13
style.css,63,css,71831e2a,Nathan Su,2026-04-15,21:26:33,-07:00,2026-04-15T21:26:33-07:00,1,73
style.css,64,css,71831e2a,Nathan Su,2026-04-15,21:26:33,-07:00,2026-04-15T21:26:33-07:00,1,111
style.css,65,css,ea5c1819,Nathan Su,2026-04-09,18:11:03,-07:00,2026-04-09T18:11:03-07:00,1,45
style.css,66,css,71831e2a,Nathan Su,2026-04-15,21:26:33,-07:00,2026-04-15T21:26:33-07:00,1,16
style.css,67,css,ea5c1819,Nathan Su,2026-04-09,18:11:03,-07:00,2026-04-09T18:11:03-07:00,0,0
style.css,68,css,ea5c1819,Nathan Su,2026-04-09,18:11:03,-07:00,2026-04-09T18:11:03-07:00,0,0
style.css,69,css,ea5c1819,Nathan Su,2026-04-09,18:11:03,-07:00,2026-04-09T18:11:03-07:00,0,11
style.css,70,css,71831e2a,Nathan Su,2026-04-15,21:26:33,-07:00,2026-04-15T21:26:33-07:00,1,31
style.css,71,css,71831e2a,Nathan Su,2026-04-15,21:26:33,-07:00,2026-04-15T21:26:33-07:00,1,111
style.css,72,css,ea5c1819,Nathan Su,2026-04-09,18:11:03,-07:00,2026-04-09T18:11:03-07:00,1,25
style.css,73,css,ea5c1819,Nathan Su,2026-04-09,18:11:03,-07:00,2026-04-09T18:11:03-07:00,0,0
style.css,74,css,ea5c1819,Nathan Su,2026-04-09,18:11:03,-07:00,2026-04-09T18:11:03-07:00,0,0
style.css,75,css,71831e2a,Nathan Su,2026-04-15,21:26:33,-07:00,2026-04-15T21:26:33-07:00,0,52
style.css,76,css,71831e2a,Nathan Su,2026-04-15,21:26:33,-07:00,2026-04-15T21:26:33-07:00,0,42
style.css,77,css,71831e2a,Nathan Su,2026-04-15,21:26:33,-07:00,2026-04-15T21:26:33-07:00,1,23
style.css,78,css,71831e2a,Nathan Su,2026-04-15,21:26:33,-07:00,2026-04-15T21:26:33-07:00,1,16
style.css,79,css,71831e2a,Nathan Su,2026-04-15,21:26:33,-07:00,2026-04-15T21:26:33-07:00,1,36
style.css,80,css,71831e2a,Nathan Su,2026-04-15,21:26:33,-07:00,2026-04-15T21:26:33-07:00,0,0
style.css,81,css,71831e2a,Nathan Su,2026-04-15,21:26:33,-07:00,2026-04-15T21:26:33-07:00,0,0
style.css,82,css,71831e2a,Nathan Su,2026-04-15,21:26:33,-07:00,2026-04-15T21:26:33-07:00,0,26
style.css,83,css,ea5c1819,Nathan Su,2026-04-09,18:11:03,-07:00,2026-04-09T18:11:03-07:00,0,4
style.css,84,css,ea5c1819,Nathan Su,2026-04-09,18:11:03,-07:00,2026-04-09T18:11:03-07:00,1,12
style.css,85,css,ea5c1819,Nathan Su,2026-04-09,18:11:03,-07:00,2026-04-09T18:11:03-07:00,1,30
style.css,86,css,ea5c1819,Nathan Su,2026-04-09,18:11:03,-07:00,2026-04-09T18:11:03-07:00,1,7
style.css,87,css,ea5c1819,Nathan Su,2026-04-09,18:11:03,-07:00,2026-04-09T18:11:03-07:00,0,0
style.css,88,css,ea5c1819,Nathan Su,2026-04-09,18:11:03,-07:00,2026-04-09T18:11:03-07:00,0,0
style.css,89,css,ea5c1819,Nathan Su,2026-04-09,18:11:03,-07:00,2026-04-09T18:11:03-07:00,0,23
style.css,90,css,ea5c1819,Nathan Su,2026-04-09,18:11:03,-07:00,2026-04-09T18:11:03-07:00,1,12
style.css,91,css,ea5c1819,Nathan Su,2026-04-09,18:11:03,-07:00,2026-04-09T18:11:03-07:00,1,10
style.css,92,css,ea5c1819,Nathan Su,2026-04-09,18:11:03,-07:00,2026-04-09T18:11:03-07:00,1,21
style.css,93,css,ea5c1819,Nathan Su,2026-04-09,18:11:03,-07:00,2026-04-09T18:11:03-07:00,1,31
style.css,94,css,ea5c1819,Nathan Su,2026-04-09,18:11:03,-07:00,2026-04-09T18:11:03-07:00,1,13
style.css,95,css,ea5c1819,Nathan Su,2026-04-09,18:11:03,-07:00,2026-04-09T18:11:03-07:00,1,17
style.css,96,css,ea5c1819,Nathan Su,2026-04-09,18:11:03,-07:00,2026-04-09T18:11:03-07:00,0,0
style.css,97,css,ea5c1819,Nathan Su,2026-04-09,18:11:03,-07:00,2026-04-09T18:11:03-07:00,0,0
style.css,98,css,ea5c1819,Nathan Su,2026-04-09,18:11:03,-07:00,2026-04-09T18:11:03-07:00,0,27
style.css,99,css,ea5c1819,Nathan Su,2026-04-09,18:11:03,-07:00,2026-04-09T18:11:03-07:00,1,37
style.css,100,css,ea5c1819,Nathan Su,2026-04-09,18:11:03,-07:00,2026-04-09T18:11:03-07:00,1,24
style.css,101,css,ea5c1819,Nathan Su,2026-04-09,18:11:03,-07:00,2026-04-09T18:11:03-07:00,0,0
style.css,102,css,ea5c1819,Nathan Su,2026-04-09,18:11:03,-07:00,2026-04-09T18:11:03-07:00,0,0
style.css,103,css,ea5c1819,Nathan Su,2026-04-09,18:11:03,-07:00,2026-04-09T18:11:03-07:00,0,5
style.css,104,css,ea5c1819,Nathan Su,2026-04-09,18:11:03,-07:00,2026-04-09T18:11:03-07:00,1,12
style.css,105,css,ea5c1819,Nathan Su,2026-04-09,18:11:03,-07:00,2026-04-09T18:11:03-07:00,1,29
style.css,106,css,ea5c1819,Nathan Su,2026-04-09,18:11:03,-07:00,2026-04-09T18:11:03-07:00,1,18
style.css,107,css,ea5c1819,Nathan Su,2026-04-09,18:11:03,-07:00,2026-04-09T18:11:03-07:00,1,18
style.css,108,css,ea5c1819,Nathan Su,2026-04-09,18:11:03,-07:00,2026-04-09T18:11:03-07:00,0,0
style.css,109,css,ea5c1819,Nathan Su,2026-04-09,18:11:03,-07:00,2026-04-09T18:11:03-07:00,0,0
style.css,110,css,ea5c1819,Nathan Su,2026-04-09,18:11:03,-07:00,2026-04-09T18:11:03-07:00,0,6
style.css,111,css,ea5c1819,Nathan Su,2026-04-09,18:11:03,-07:00,2026-04-09T18:11:03-07:00,1,18
style.css,112,css,ea5c1819,Nathan Su,2026-04-09,18:11:03,-07:00,2026-04-09T18:11:03-07:00,1,36
style.css,113,css,ea5c1819,Nathan Su,2026-04-09,18:11:03,-07:00,2026-04-09T18:11:03-07:00,1,11
style.css,114,css,ea5c1819,Nathan Su,2026-04-09,18:11:03,-07:00,2026-04-09T18:11:03-07:00,1,16
style.css,115,css,ea5c1819,Nathan Su,2026-04-09,18:11:03,-07:00,2026-04-09T18:11:03-07:00,1,14
style.css,116,css,ea5c1819,Nathan Su,2026-04-09,18:11:03,-07:00,2026-04-09T18:11:03-07:00,1,11
style.css,117,css,ea5c1819,Nathan Su,2026-04-09,18:11:03,-07:00,2026-04-09T18:11:03-07:00,1,13
style.css,118,css,ea5c1819,Nathan Su,2026-04-09,18:11:03,-07:00,2026-04-09T18:11:03-07:00,0,0
style.css,119,css,ea5c1819,Nathan Su,2026-04-09,18:11:03,-07:00,2026-04-09T18:11:03-07:00,0,0
style.css,120,css,1f2584f2,Nathan Su,2026-04-24,21:02:33,-07:00,2026-04-24T21:02:33-07:00,0,36
style.css,121,css,ea5c1819,Nathan Su,2026-04-09,18:11:03,-07:00,2026-04-09T18:11:03-07:00,0,9
style.css,122,css,ea5c1819,Nathan Su,2026-04-09,18:11:03,-07:00,2026-04-09T18:11:03-07:00,1,12
style.css,123,css,90537bcc,Nathan Su,2026-04-28,00:13:40,-07:00,2026-04-28T00:13:40-07:00,1,59
style.css,124,css,90537bcc,Nathan Su,2026-04-28,00:13:40,-07:00,2026-04-28T00:13:40-07:00,1,33
style.css,125,css,90537bcc,Nathan Su,2026-04-28,00:13:40,-07:00,2026-04-28T00:13:40-07:00,1,14
style.css,126,css,ea5c1819,Nathan Su,2026-04-09,18:11:03,-07:00,2026-04-09T18:11:03-07:00,0,0
style.css,127,css,ea5c1819,Nathan Su,2026-04-09,18:11:03,-07:00,2026-04-09T18:11:03-07:00,0,0
style.css,128,css,ea5c1819,Nathan Su,2026-04-09,18:11:03,-07:00,2026-04-09T18:11:03-07:00,0,17
style.css,129,css,ea5c1819,Nathan Su,2026-04-09,18:11:03,-07:00,2026-04-09T18:11:03-07:00,1,12
style.css,130,css,ea5c1819,Nathan Su,2026-04-09,18:11:03,-07:00,2026-04-09T18:11:03-07:00,1,26
style.css,131,css,ea5c1819,Nathan Su,2026-04-09,18:11:03,-07:00,2026-04-09T18:11:03-07:00,1,15
style.css,132,css,1f2584f2,Nathan Su,2026-04-24,21:02:33,-07:00,2026-04-24T21:02:33-07:00,1,9
style.css,133,css,ea5c1819,Nathan Su,2026-04-09,18:11:03,-07:00,2026-04-09T18:11:03-07:00,1,36
style.css,134,css,ea5c1819,Nathan Su,2026-04-09,18:11:03,-07:00,2026-04-09T18:11:03-07:00,1,13
style.css,135,css,1f2584f2,Nathan Su,2026-04-24,21:02:33,-07:00,2026-04-24T21:02:33-07:00,1,18
style.css,136,css,1f2584f2,Nathan Su,2026-04-24,21:02:33,-07:00,2026-04-24T21:02:33-07:00,1,23
style.css,137,css,1f2584f2,Nathan Su,2026-04-24,21:02:33,-07:00,2026-04-24T21:02:33-07:00,1,52
style.css,138,css,1f2584f2,Nathan Su,2026-04-24,21:02:33,-07:00,2026-04-24T21:02:33-07:00,0,0
style.css,139,css,1f2584f2,Nathan Su,2026-04-24,21:02:33,-07:00,2026-04-24T21:02:33-07:00,0,0
style.css,140,css,1f2584f2,Nathan Su,2026-04-24,21:02:33,-07:00,2026-04-24T21:02:33-07:00,0,23
style.css,141,css,1f2584f2,Nathan Su,2026-04-24,21:02:33,-07:00,2026-04-24T21:02:33-07:00,1,26
style.css,142,css,1f2584f2,Nathan Su,2026-04-24,21:02:33,-07:00,2026-04-24T21:02:33-07:00,1,42
style.css,143,css,1f2584f2,Nathan Su,2026-04-24,21:02:33,-07:00,2026-04-24T21:02:33-07:00,1,32
style.css,144,css,1f2584f2,Nathan Su,2026-04-24,21:02:33,-07:00,2026-04-24T21:02:33-07:00,0,0
style.css,145,css,1f2584f2,Nathan Su,2026-04-24,21:02:33,-07:00,2026-04-24T21:02:33-07:00,0,0
style.css,146,css,1f2584f2,Nathan Su,2026-04-24,21:02:33,-07:00,2026-04-24T21:02:33-07:00,0,21
style.css,147,css,1f2584f2,Nathan Su,2026-04-24,21:02:33,-07:00,2026-04-24T21:02:33-07:00,1,10
style.css,148,css,1f2584f2,Nathan Su,2026-04-24,21:02:33,-07:00,2026-04-24T21:02:33-07:00,1,12
style.css,149,css,1f2584f2,Nathan Su,2026-04-24,21:02:33,-07:00,2026-04-24T21:02:33-07:00,1,16
style.css,150,css,1f2584f2,Nathan Su,2026-04-24,21:02:33,-07:00,2026-04-24T21:02:33-07:00,1,17
style.css,151,css,1f2584f2,Nathan Su,2026-04-24,21:02:33,-07:00,2026-04-24T21:02:33-07:00,0,0
style.css,152,css,1f2584f2,Nathan Su,2026-04-24,21:02:33,-07:00,2026-04-24T21:02:33-07:00,0,0
style.css,153,css,1f2584f2,Nathan Su,2026-04-24,21:02:33,-07:00,2026-04-24T21:02:33-07:00,0,46
style.css,154,css,1f2584f2,Nathan Su,2026-04-24,21:02:33,-07:00,2026-04-24T21:02:33-07:00,0,0
style.css,155,css,1f2584f2,Nathan Su,2026-04-24,21:02:33,-07:00,2026-04-24T21:02:33-07:00,0,24
style.css,156,css,1f2584f2,Nathan Su,2026-04-24,21:02:33,-07:00,2026-04-24T21:02:33-07:00,0,14
style.css,157,css,1f2584f2,Nathan Su,2026-04-24,21:02:33,-07:00,2026-04-24T21:02:33-07:00,1,12
style.css,158,css,1f2584f2,Nathan Su,2026-04-24,21:02:33,-07:00,2026-04-24T21:02:33-07:00,1,58
style.css,159,css,1f2584f2,Nathan Su,2026-04-24,21:02:33,-07:00,2026-04-24T21:02:33-07:00,1,8
style.css,160,css,1f2584f2,Nathan Su,2026-04-24,21:02:33,-07:00,2026-04-24T21:02:33-07:00,1,69
style.css,161,css,1f2584f2,Nathan Su,2026-04-24,21:02:33,-07:00,2026-04-24T21:02:33-07:00,1,12
style.css,162,css,ea5c1819,Nathan Su,2026-04-09,18:11:03,-07:00,2026-04-09T18:11:03-07:00,1,18
style.css,163,css,1f2584f2,Nathan Su,2026-04-24,21:02:33,-07:00,2026-04-24T21:02:33-07:00,1,36
style.css,164,css,1f2584f2,Nathan Su,2026-04-24,21:02:33,-07:00,2026-04-24T21:02:33-07:00,1,17
style.css,165,css,1f2584f2,Nathan Su,2026-04-24,21:02:33,-07:00,2026-04-24T21:02:33-07:00,1,17
style.css,166,css,1f2584f2,Nathan Su,2026-04-24,21:02:33,-07:00,2026-04-24T21:02:33-07:00,0,0
style.css,167,css,1f2584f2,Nathan Su,2026-04-24,21:02:33,-07:00,2026-04-24T21:02:33-07:00,0,0
style.css,168,css,1f2584f2,Nathan Su,2026-04-24,21:02:33,-07:00,2026-04-24T21:02:33-07:00,0,30
style.css,169,css,1f2584f2,Nathan Su,2026-04-24,21:02:33,-07:00,2026-04-24T21:02:33-07:00,0,0
style.css,170,css,1f2584f2,Nathan Su,2026-04-24,21:02:33,-07:00,2026-04-24T21:02:33-07:00,0,17
style.css,171,css,1f2584f2,Nathan Su,2026-04-24,21:02:33,-07:00,2026-04-24T21:02:33-07:00,1,10
style.css,172,css,1f2584f2,Nathan Su,2026-04-24,21:02:33,-07:00,2026-04-24T21:02:33-07:00,1,17
style.css,173,css,1f2584f2,Nathan Su,2026-04-24,21:02:33,-07:00,2026-04-24T21:02:33-07:00,1,24
style.css,174,css,1f2584f2,Nathan Su,2026-04-24,21:02:33,-07:00,2026-04-24T21:02:33-07:00,1,25
style.css,175,css,1f2584f2,Nathan Su,2026-04-24,21:02:33,-07:00,2026-04-24T21:02:33-07:00,1,15
style.css,176,css,ea5c1819,Nathan Su,2026-04-09,18:11:03,-07:00,2026-04-09T18:11:03-07:00,0,0
style.css,177,css,ea5c1819,Nathan Su,2026-04-09,18:11:03,-07:00,2026-04-09T18:11:03-07:00,0,0
style.css,178,css,1f2584f2,Nathan Su,2026-04-24,21:02:33,-07:00,2026-04-24T21:02:33-07:00,0,17
style.css,179,css,1f2584f2,Nathan Su,2026-04-24,21:02:33,-07:00,2026-04-24T21:02:33-07:00,1,10
style.css,180,css,1f2584f2,Nathan Su,2026-04-24,21:02:33,-07:00,2026-04-24T21:02:33-07:00,1,16
style.css,181,css,1f2584f2,Nathan Su,2026-04-24,21:02:33,-07:00,2026-04-24T21:02:33-07:00,1,15
style.css,182,css,ea5c1819,Nathan Su,2026-04-09,18:11:03,-07:00,2026-04-09T18:11:03-07:00,1,8
style.css,183,css,ea5c1819,Nathan Su,2026-04-09,18:11:03,-07:00,2026-04-09T18:11:03-07:00,0,0
style.css,184,css,ea5c1819,Nathan Su,2026-04-09,18:11:03,-07:00,2026-04-09T18:11:03-07:00,0,0
style.css,185,css,71831e2a,Nathan Su,2026-04-15,21:26:33,-07:00,2026-04-15T21:26:33-07:00,0,26
style.css,186,css,ea5c1819,Nathan Su,2026-04-09,18:11:03,-07:00,2026-04-09T18:11:03-07:00,0,7
style.css,187,css,ea5c1819,Nathan Su,2026-04-09,18:11:03,-07:00,2026-04-09T18:11:03-07:00,1,41
style.css,188,css,ea5c1819,Nathan Su,2026-04-09,18:11:03,-07:00,2026-04-09T18:11:03-07:00,1,18
style.css,189,css,ea5c1819,Nathan Su,2026-04-09,18:11:03,-07:00,2026-04-09T18:11:03-07:00,1,19
style.css,190,css,71831e2a,Nathan Su,2026-04-15,21:26:33,-07:00,2026-04-15T21:26:33-07:00,0,0
style.css,191,css,71831e2a,Nathan Su,2026-04-15,21:26:33,-07:00,2026-04-15T21:26:33-07:00,0,0
style.css,192,css,71831e2a,Nathan Su,2026-04-15,21:26:33,-07:00,2026-04-15T21:26:33-07:00,0,13
style.css,193,css,e58dba98,Nathan Su,2026-04-15,21:32:04,-07:00,2026-04-15T21:32:04-07:00,1,38
style.css,194,css,71831e2a,Nathan Su,2026-04-15,21:26:33,-07:00,2026-04-15T21:26:33-07:00,1,17
style.css,195,css,71831e2a,Nathan Su,2026-04-15,21:26:33,-07:00,2026-04-15T21:26:33-07:00,1,8
style.css,196,css,71831e2a,Nathan Su,2026-04-15,21:26:33,-07:00,2026-04-15T21:26:33-07:00,1,10
style.css,197,css,e58dba98,Nathan Su,2026-04-15,21:32:04,-07:00,2026-04-15T21:32:04-07:00,1,0
style.css,198,css,e58dba98,Nathan Su,2026-04-15,21:32:04,-07:00,2026-04-15T21:32:04-07:00,1,33
style.css,199,css,71831e2a,Nathan Su,2026-04-15,21:26:33,-07:00,2026-04-15T21:26:33-07:00,1,13
style.css,200,css,71831e2a,Nathan Su,2026-04-15,21:26:33,-07:00,2026-04-15T21:26:33-07:00,1,19
style.css,201,css,71831e2a,Nathan Su,2026-04-15,21:26:33,-07:00,2026-04-15T21:26:33-07:00,0,0
style.css,202,css,71831e2a,Nathan Su,2026-04-15,21:26:33,-07:00,2026-04-15T21:26:33-07:00,0,0
style.css,203,css,71831e2a,Nathan Su,2026-04-15,21:26:33,-07:00,2026-04-15T21:26:33-07:00,0,15
style.css,204,css,e58dba98,Nathan Su,2026-04-15,21:32:04,-07:00,2026-04-15T21:32:04-07:00,1,46
style.css,205,css,71831e2a,Nathan Su,2026-04-15,21:26:33,-07:00,2026-04-15T21:26:33-07:00,1,12
style.css,206,css,90537bcc,Nathan Su,2026-04-28,00:13:40,-07:00,2026-04-28T00:13:40-07:00,0,0
style.css,207,css,90537bcc,Nathan Su,2026-04-28,00:13:40,-07:00,2026-04-28T00:13:40-07:00,0,0
style.css,208,css,90537bcc,Nathan Su,2026-04-28,00:13:40,-07:00,2026-04-28T00:13:40-07:00,0,14
style.css,209,css,90537bcc,Nathan Su,2026-04-28,00:13:40,-07:00,2026-04-28T00:13:40-07:00,2,51
style.css,210,css,90537bcc,Nathan Su,2026-04-28,00:13:40,-07:00,2026-04-28T00:13:40-07:00,2,49
style.css,211,css,90537bcc,Nathan Su,2026-04-28,00:13:40,-07:00,2026-04-28T00:13:40-07:00,2,87
style.css,212,css,90537bcc,Nathan Su,2026-04-28,00:13:40,-07:00,2026-04-28T00:13:40-07:00,0,0
style.css,213,css,90537bcc,Nathan Su,2026-04-28,00:13:40,-07:00,2026-04-28T00:13:40-07:00,0,0
style.css,214,css,90537bcc,Nathan Su,2026-04-28,00:13:40,-07:00,2026-04-28T00:13:40-07:00,0,33
style.css,215,css,90537bcc,Nathan Su,2026-04-28,00:13:40,-07:00,2026-04-28T00:13:40-07:00,0,10
style.css,216,css,90537bcc,Nathan Su,2026-04-28,00:13:40,-07:00,2026-04-28T00:13:40-07:00,2,12
style.css,217,css,90537bcc,Nathan Su,2026-04-28,00:13:40,-07:00,2026-04-28T00:13:40-07:00,2,18
style.css,218,css,90537bcc,Nathan Su,2026-04-28,00:13:40,-07:00,2026-04-28T00:13:40-07:00,2,7
style.css,219,css,90537bcc,Nathan Su,2026-04-28,00:13:40,-07:00,2026-04-28T00:13:40-07:00,0,0
style.css,220,css,90537bcc,Nathan Su,2026-04-28,00:13:40,-07:00,2026-04-28T00:13:40-07:00,0,0
style.css,221,css,90537bcc,Nathan Su,2026-04-28,00:13:40,-07:00,2026-04-28T00:13:40-07:00,0,24
style.css,222,css,90537bcc,Nathan Su,2026-04-28,00:13:40,-07:00,2026-04-28T00:13:40-07:00,0,14
style.css,223,css,90537bcc,Nathan Su,2026-04-28,00:13:40,-07:00,2026-04-28T00:13:40-07:00,2,14
style.css,224,css,90537bcc,Nathan Su,2026-04-28,00:13:40,-07:00,2026-04-28T00:13:40-07:00,2,16
style.css,225,css,90537bcc,Nathan Su,2026-04-28,00:13:40,-07:00,2026-04-28T00:13:40-07:00,2,16
style.css,226,css,90537bcc,Nathan Su,2026-04-28,00:13:40,-07:00,2026-04-28T00:13:40-07:00,0,0
style.css,227,css,90537bcc,Nathan Su,2026-04-28,00:13:40,-07:00,2026-04-28T00:13:40-07:00,0,0
style.css,228,css,90537bcc,Nathan Su,2026-04-28,00:13:40,-07:00,2026-04-28T00:13:40-07:00,0,39
style.css,229,css,90537bcc,Nathan Su,2026-04-28,00:13:40,-07:00,2026-04-28T00:13:40-07:00,0,0
style.css,230,css,90537bcc,Nathan Su,2026-04-28,00:13:40,-07:00,2026-04-28T00:13:40-07:00,0,7
style.css,231,css,90537bcc,Nathan Su,2026-04-28,00:13:40,-07:00,2026-04-28T00:13:40-07:00,2,12
style.css,232,css,90537bcc,Nathan Su,2026-04-28,00:13:40,-07:00,2026-04-28T00:13:40-07:00,2,57
style.css,233,css,90537bcc,Nathan Su,2026-04-28,00:13:40,-07:00,2026-04-28T00:13:40-07:00,2,7
style.css,234,css,90537bcc,Nathan Su,2026-04-28,00:13:40,-07:00,2026-04-28T00:13:40-07:00,2,6
style.css,235,css,90537bcc,Nathan Su,2026-04-28,00:13:40,-07:00,2026-04-28T00:13:40-07:00,2,15
style.css,236,css,90537bcc,Nathan Su,2026-04-28,00:13:40,-07:00,2026-04-28T00:13:40-07:00,2,11
style.css,237,css,90537bcc,Nathan Su,2026-04-28,00:13:40,-07:00,2026-04-28T00:13:40-07:00,2,21
style.css,238,css,90537bcc,Nathan Su,2026-04-28,00:13:40,-07:00,2026-04-28T00:13:40-07:00,0,0
style.css,239,css,90537bcc,Nathan Su,2026-04-28,00:13:40,-07:00,2026-04-28T00:13:40-07:00,0,0
style.css,240,css,90537bcc,Nathan Su,2026-04-28,00:13:40,-07:00,2026-04-28T00:13:40-07:00,0,0
style.css,241,css,90537bcc,Nathan Su,2026-04-28,00:13:40,-07:00,2026-04-28T00:13:40-07:00,0,12
style.css,242,css,90537bcc,Nathan Su,2026-04-28,00:13:40,-07:00,2026-04-28T00:13:40-07:00,2,12
style.css,243,css,90537bcc,Nathan Su,2026-04-28,00:13:40,-07:00,2026-04-28T00:13:40-07:00,2,18
style.css,244,css,90537bcc,Nathan Su,2026-04-28,00:13:40,-07:00,2026-04-28T00:13:40-07:00,2,9
style.css,245,css,90537bcc,Nathan Su,2026-04-28,00:13:40,-07:00,2026-04-28T00:13:40-07:00,0,0
style.css,246,css,90537bcc,Nathan Su,2026-04-28,00:13:40,-07:00,2026-04-28T00:13:40-07:00,0,0
style.css,247,css,90537bcc,Nathan Su,2026-04-28,00:13:40,-07:00,2026-04-28T00:13:40-07:00,0,0
style.css,248,css,90537bcc,Nathan Su,2026-04-28,00:13:40,-07:00,2026-04-28T00:13:40-07:00,0,7
style.css,249,css,90537bcc,Nathan Su,2026-04-28,00:13:40,-07:00,2026-04-28T00:13:40-07:00,2,20
style.css,250,css,90537bcc,Nathan Su,2026-04-28,00:13:40,-07:00,2026-04-28T00:13:40-07:00,2,9
style.css,251,css,90537bcc,Nathan Su,2026-04-28,00:13:40,-07:00,2026-04-28T00:13:40-07:00,2,10
style.css,252,css,90537bcc,Nathan Su,2026-04-28,00:13:40,-07:00,2026-04-28T00:13:40-07:00,2,29
style.css,253,css,90537bcc,Nathan Su,2026-04-28,00:13:40,-07:00,2026-04-28T00:13:40-07:00,2,17
style.css,254,css,90537bcc,Nathan Su,2026-04-28,00:13:40,-07:00,2026-04-28T00:13:40-07:00,0,0
style.css,255,css,90537bcc,Nathan Su,2026-04-28,00:13:40,-07:00,2026-04-28T00:13:40-07:00,0,42
style.css,256,css,90537bcc,Nathan Su,2026-04-28,00:13:40,-07:00,2026-04-28T00:13:40-07:00,0,4
style.css,257,css,90537bcc,Nathan Su,2026-04-28,00:13:40,-07:00,2026-04-28T00:13:40-07:00,1,16
style.css,258,css,90537bcc,Nathan Su,2026-04-28,00:13:40,-07:00,2026-04-28T00:13:40-07:00,1,14
style.css,259,css,90537bcc,Nathan Su,2026-04-28,00:13:40,-07:00,2026-04-28T00:13:40-07:00,1,12
style.css,260,css,90537bcc,Nathan Su,2026-04-28,00:13:40,-07:00,2026-04-28T00:13:40-07:00,0,0
style.css,261,css,90537bcc,Nathan Su,2026-04-28,00:13:40,-07:00,2026-04-28T00:13:40-07:00,0,0
style.css,262,css,90537bcc,Nathan Su,2026-04-28,00:13:40,-07:00,2026-04-28T00:13:40-07:00,0,40
style.css,263,css,90537bcc,Nathan Su,2026-04-28,00:13:40,-07:00,2026-04-28T00:13:40-07:00,0,36
style.css,264,css,90537bcc,Nathan Su,2026-04-28,00:13:40,-07:00,2026-04-28T00:13:40-07:00,1,11
style.css,265,css,90537bcc,Nathan Su,2026-04-28,00:13:40,-07:00,2026-04-28T00:13:40-07:00,0,0
style.css,266,css,90537bcc,Nathan Su,2026-04-28,00:13:40,-07:00,2026-04-28T00:13:40-07:00,0,0
style.css,267,css,90537bcc,Nathan Su,2026-04-28,00:13:40,-07:00,2026-04-28T00:13:40-07:00,0,52
style.css,268,css,90537bcc,Nathan Su,2026-04-28,00:13:40,-07:00,2026-04-28T00:13:40-07:00,0,13
style.css,269,css,90537bcc,Nathan Su,2026-04-28,00:13:40,-07:00,2026-04-28T00:13:40-07:00,1,9
style.css,270,css,90537bcc,Nathan Su,2026-04-28,00:13:40,-07:00,2026-04-28T00:13:40-07:00,1,12
style.css,271,css,90537bcc,Nathan Su,2026-04-28,00:13:40,-07:00,2026-04-28T00:13:40-07:00,1,16
style.css,272,css,90537bcc,Nathan Su,2026-04-28,00:13:40,-07:00,2026-04-28T00:13:40-07:00,1,9
style.css,273,css,90537bcc,Nathan Su,2026-04-28,00:13:40,-07:00,2026-04-28T00:13:40-07:00,0,0
style.css,274,css,90537bcc,Nathan Su,2026-04-28,00:13:40,-07:00,2026-04-28T00:13:40-07:00,0,0
style.css,275,css,90537bcc,Nathan Su,2026-04-28,00:13:40,-07:00,2026-04-28T00:13:40-07:00,0,37
style.css,276,css,90537bcc,Nathan Su,2026-04-28,00:13:40,-07:00,2026-04-28T00:13:40-07:00,0,21
style.css,277,css,90537bcc,Nathan Su,2026-04-28,00:13:40,-07:00,2026-04-28T00:13:40-07:00,1,16
style.css,278,css,90537bcc,Nathan Su,2026-04-28,00:13:40,-07:00,2026-04-28T00:13:40-07:00,0,0
style.css,279,css,90537bcc,Nathan Su,2026-04-28,00:13:40,-07:00,2026-04-28T00:13:40-07:00,0,0
style.css,280,css,90537bcc,Nathan Su,2026-04-28,00:13:40,-07:00,2026-04-28T00:13:40-07:00,0,29
style.css,281,css,90537bcc,Nathan Su,2026-04-28,00:13:40,-07:00,2026-04-28T00:13:40-07:00,1,23
style.css,282,css,90537bcc,Nathan Su,2026-04-28,00:13:40,-07:00,2026-04-28T00:13:40-07:00,1,18
style.css,283,css,8913c871,Nathan Su,2026-04-03,01:24:00,-07:00,2026-04-03T01:24:00-07:00,0,0
index.js,1,js,3af97e73,Nathan Su,2026-04-24,13:01:34,-07:00,2026-04-24T13:01:34-07:00,0,54
index.js,2,js,3af97e73,Nathan Su,2026-04-24,13:01:34,-07:00,2026-04-24T13:01:34-07:00,0,0
index.js,3,js,3af97e73,Nathan Su,2026-04-24,13:01:34,-07:00,2026-04-24T13:01:34-07:00,0,57
index.js,4,js,3af97e73,Nathan Su,2026-04-24,13:01:34,-07:00,2026-04-24T13:01:34-07:00,0,54
index.js,5,js,3af97e73,Nathan Su,2026-04-24,13:01:34,-07:00,2026-04-24T13:01:34-07:00,0,42
index.js,6,js,3af97e73,Nathan Su,2026-04-24,13:01:34,-07:00,2026-04-24T13:01:34-07:00,0,60
index.js,7,js,3af97e73,Nathan Su,2026-04-24,13:01:34,-07:00,2026-04-24T13:01:34-07:00,0,0
index.js,8,js,3af97e73,Nathan Su,2026-04-24,13:01:34,-07:00,2026-04-24T13:01:34-07:00,0,22
index.js,9,js,3af97e73,Nathan Su,2026-04-24,13:01:34,-07:00,2026-04-24T13:01:34-07:00,2,54
index.js,10,js,3af97e73,Nathan Su,2026-04-24,13:01:34,-07:00,2026-04-24T13:01:34-07:00,0,0
index.js,11,js,3af97e73,Nathan Su,2026-04-24,13:01:34,-07:00,2026-04-24T13:01:34-07:00,0,0
index.js,12,js,3af97e73,Nathan Su,2026-04-24,13:01:34,-07:00,2026-04-24T13:01:34-07:00,0,44
index.js,13,js,3af97e73,Nathan Su,2026-04-24,13:01:34,-07:00,2026-04-24T13:01:34-07:00,0,40
index.js,14,js,3af97e73,Nathan Su,2026-04-24,13:01:34,-07:00,2026-04-24T13:01:34-07:00,2,71
index.js,15,js,3af97e73,Nathan Su,2026-04-24,13:01:34,-07:00,2026-04-24T13:01:34-07:00,2,64
index.js,16,js,3af97e73,Nathan Su,2026-04-24,13:01:34,-07:00,2026-04-24T13:01:34-07:00,0,0
index.js,17,js,3af97e73,Nathan Su,2026-04-24,13:01:34,-07:00,2026-04-24T13:01:34-07:00,2,29
index.js,18,js,3af97e73,Nathan Su,2026-04-24,13:01:34,-07:00,2026-04-24T13:01:34-07:00,4,28
index.js,19,js,3af97e73,Nathan Su,2026-04-24,13:01:34,-07:00,2026-04-24T13:01:34-07:00,6,2
index.js,20,js,3af97e73,Nathan Su,2026-04-24,13:01:34,-07:00,2026-04-24T13:01:34-07:00,8,49
index.js,21,js,3af97e73,Nathan Su,2026-04-24,13:01:34,-07:00,2026-04-24T13:01:34-07:00,8,49
index.js,22,js,3af97e73,Nathan Su,2026-04-24,13:01:34,-07:00,2026-04-24T13:01:34-07:00,8,43
index.js,23,js,3af97e73,Nathan Su,2026-04-24,13:01:34,-07:00,2026-04-24T13:01:34-07:00,8,43
index.js,24,js,3af97e73,Nathan Su,2026-04-24,13:01:34,-07:00,2026-04-24T13:01:34-07:00,6,3
index.js,25,js,3af97e73,Nathan Su,2026-04-24,13:01:34,-07:00,2026-04-24T13:01:34-07:00,4,0
index.js,26,js,3af97e73,Nathan Su,2026-04-24,13:01:34,-07:00,2026-04-24T13:01:34-07:00,2,0
index.js,27,js,3af97e73,Nathan Su,2026-04-24,13:01:34,-07:00,2026-04-24T13:01:34-07:00,0,0
index.js,28,js,3af97e73,Nathan Su,2026-04-24,13:01:34,-07:00,2026-04-24T13:01:34-07:00,0,0
index.js,29,js,3af97e73,Nathan Su,2026-04-24,13:01:34,-07:00,2026-04-24T13:01:34-07:00,0,30
index.html,1,html,d504ffec,Nathan Su,2026-04-02,17:41:36,-07:00,2026-04-02T17:41:36-07:00,0,13
index.html,2,html,d504ffec,Nathan Su,2026-04-02,17:41:36,-07:00,2026-04-02T17:41:36-07:00,0,14
index.html,3,html,d504ffec,Nathan Su,2026-04-02,17:41:36,-07:00,2026-04-02T17:41:36-07:00,0,4
index.html,4,html,d504ffec,Nathan Su,2026-04-02,17:41:36,-07:00,2026-04-02T17:41:36-07:00,2,20
index.html,5,html,d504ffec,Nathan Su,2026-04-02,17:41:36,-07:00,2026-04-02T17:41:36-07:00,2,68
index.html,6,html,d504ffec,Nathan Su,2026-04-02,17:41:36,-07:00,2026-04-02T17:41:36-07:00,2,51
index.html,7,html,8913c871,Nathan Su,2026-04-03,01:24:00,-07:00,2026-04-03T01:24:00-07:00,2,38
index.html,8,html,71831e2a,Nathan Su,2026-04-15,21:26:33,-07:00,2026-04-15T21:26:33-07:00,2,45
index.html,9,html,d504ffec,Nathan Su,2026-04-02,17:41:36,-07:00,2026-04-02T17:41:36-07:00,0,5
index.html,10,html,d504ffec,Nathan Su,2026-04-02,17:41:36,-07:00,2026-04-02T17:41:36-07:00,0,4
index.html,11,html,d504ffec,Nathan Su,2026-04-02,17:41:36,-07:00,2026-04-02T17:41:36-07:00,2,17
index.html,12,html,d504ffec,Nathan Su,2026-04-02,17:41:36,-07:00,2026-04-02T17:41:36-07:00,2,138
index.html,13,html,d504ffec,Nathan Su,2026-04-02,17:41:36,-07:00,2026-04-02T17:41:36-07:00,4,135
index.html,14,html,cc5e842a,Nathan Su,2026-04-24,21:05:04,-07:00,2026-04-24T21:05:04-07:00,4,135
index.html,15,html,cc5e842a,Nathan Su,2026-04-24,21:05:04,-07:00,2026-04-24T21:05:04-07:00,4,33
index.html,16,html,3af97e73,Nathan Su,2026-04-24,13:01:34,-07:00,2026-04-24T13:01:34-07:00,2,0
index.html,17,html,b4815a0b,Nathan Su,2026-04-24,13:21:59,-07:00,2026-04-24T13:21:59-07:00,2,44
index.html,18,html,1f2584f2,Nathan Su,2026-04-24,21:02:33,-07:00,2026-04-24T21:02:33-07:00,0,0
index.html,19,html,1f2584f2,Nathan Su,2026-04-24,21:02:33,-07:00,2026-04-24T21:02:33-07:00,2,90
index.html,20,html,b4815a0b,Nathan Su,2026-04-24,13:21:59,-07:00,2026-04-24T13:21:59-07:00,2,0
index.html,21,html,3af97e73,Nathan Su,2026-04-24,13:01:34,-07:00,2026-04-24T13:01:34-07:00,2,7
index.html,22,html,3af97e73,Nathan Su,2026-04-24,13:01:34,-07:00,2026-04-24T13:01:34-07:00,2,22
index.html,23,html,3af97e73,Nathan Su,2026-04-24,13:01:34,-07:00,2026-04-24T13:01:34-07:00,2,22
index.html,24,html,3af97e73,Nathan Su,2026-04-24,13:01:34,-07:00,2026-04-24T13:01:34-07:00,4,4
index.html,25,html,b4815a0b,Nathan Su,2026-04-24,13:21:59,-07:00,2026-04-24T13:21:59-07:00,0,8
index.html,26,html,3af97e73,Nathan Su,2026-04-24,13:01:34,-07:00,2026-04-24T13:01:34-07:00,0,0
index.html,27,html,3af97e73,Nathan Su,2026-04-24,13:01:34,-07:00,2026-04-24T13:01:34-07:00,2,27
index.html,28,html,3af97e73,Nathan Su,2026-04-24,13:01:34,-07:00,2026-04-24T13:01:34-07:00,0,0
index.html,29,html,8913c871,Nathan Su,2026-04-03,01:24:00,-07:00,2026-04-03T01:24:00-07:00,2,5
index.html,30,html,d504ffec,Nathan Su,2026-04-02,17:41:36,-07:00,2026-04-02T17:41:36-07:00,0,5
global.js,1,js,71831e2a,Nathan Su,2026-04-15,21:26:33,-07:00,2026-04-15T21:26:33-07:00,0,26
global.js,2,js,71831e2a,Nathan Su,2026-04-15,21:26:33,-07:00,2026-04-15T21:26:33-07:00,0,0
global.js,3,js,71831e2a,Nathan Su,2026-04-15,21:26:33,-07:00,2026-04-15T21:26:33-07:00,0,48
global.js,4,js,71831e2a,Nathan Su,2026-04-15,21:26:33,-07:00,2026-04-15T21:26:33-07:00,1,52
global.js,5,js,71831e2a,Nathan Su,2026-04-15,21:26:33,-07:00,2026-04-15T21:26:33-07:00,0,0
global.js,6,js,71831e2a,Nathan Su,2026-04-15,21:26:33,-07:00,2026-04-15T21:26:33-07:00,0,0
global.js,7,js,71831e2a,Nathan Su,2026-04-15,21:26:33,-07:00,2026-04-15T21:26:33-07:00,0,24
global.js,8,js,71831e2a,Nathan Su,2026-04-15,21:26:33,-07:00,2026-04-15T21:26:33-07:00,0,11
global.js,9,js,3f2c699c,Nathan Su,2026-04-15,21:49:16,-07:00,2026-04-15T21:49:16-07:00,1,35
global.js,10,js,3f2c699c,Nathan Su,2026-04-15,21:49:16,-07:00,2026-04-15T21:49:16-07:00,1,48
global.js,11,js,3f2c699c,Nathan Su,2026-04-15,21:49:16,-07:00,2026-04-15T21:49:16-07:00,1,46
global.js,12,js,c811ce3b,Nathan Su,2026-04-15,21:58:45,-07:00,2026-04-15T21:58:45-07:00,1,34
global.js,13,js,00000000,Not Committed Yet,2026-05-08,15:35:04,-07:00,2026-05-08T15:35:04-07:00,1,29
global.js,14,js,71831e2a,Nathan Su,2026-04-15,21:26:33,-07:00,2026-04-15T21:26:33-07:00,1,58
global.js,15,js,71831e2a,Nathan Su,2026-04-15,21:26:33,-07:00,2026-04-15T21:26:33-07:00,0,0
global.js,16,js,71831e2a,Nathan Su,2026-04-15,21:26:33,-07:00,2026-04-15T21:26:33-07:00,0,0
global.js,17,js,71831e2a,Nathan Su,2026-04-15,21:26:33,-07:00,2026-04-15T21:26:33-07:00,0,57
global.js,18,js,71831e2a,Nathan Su,2026-04-15,21:26:33,-07:00,2026-04-15T21:26:33-07:00,0,38
global.js,19,js,71831e2a,Nathan Su,2026-04-15,21:26:33,-07:00,2026-04-15T21:26:33-07:00,0,25
global.js,20,js,71831e2a,Nathan Su,2026-04-15,21:26:33,-07:00,2026-04-15T21:26:33-07:00,0,0
global.js,21,js,71831e2a,Nathan Su,2026-04-15,21:26:33,-07:00,2026-04-15T21:26:33-07:00,0,56
global.js,22,js,71831e2a,Nathan Su,2026-04-15,21:26:33,-07:00,2026-04-15T21:26:33-07:00,0,88
global.js,23,js,71831e2a,Nathan Su,2026-04-15,21:26:33,-07:00,2026-04-15T21:26:33-07:00,1,3
global.js,24,js,3e72d8a9,Nathan Su,2026-04-15,21:46:18,-07:00,2026-04-15T21:46:18-07:00,1,44
global.js,25,js,71831e2a,Nathan Su,2026-04-15,21:26:33,-07:00,2026-04-15T21:26:33-07:00,0,0
global.js,26,js,71831e2a,Nathan Su,2026-04-15,21:26:33,-07:00,2026-04-15T21:26:33-07:00,0,20
global.js,27,js,71831e2a,Nathan Su,2026-04-15,21:26:33,-07:00,2026-04-15T21:26:33-07:00,1,14
global.js,28,js,71831e2a,Nathan Su,2026-04-15,21:26:33,-07:00,2026-04-15T21:26:33-07:00,1,18
global.js,29,js,71831e2a,Nathan Su,2026-04-15,21:26:33,-07:00,2026-04-15T21:26:33-07:00,0,0
global.js,30,js,71831e2a,Nathan Su,2026-04-15,21:26:33,-07:00,2026-04-15T21:26:33-07:00,1,40
global.js,31,js,71831e2a,Nathan Su,2026-04-15,21:26:33,-07:00,2026-04-15T21:26:33-07:00,1,52
global.js,32,js,71831e2a,Nathan Su,2026-04-15,21:26:33,-07:00,2026-04-15T21:26:33-07:00,0,0
global.js,33,js,71831e2a,Nathan Su,2026-04-15,21:26:33,-07:00,2026-04-15T21:26:33-07:00,1,31
global.js,34,js,71831e2a,Nathan Su,2026-04-15,21:26:33,-07:00,2026-04-15T21:26:33-07:00,1,34
global.js,35,js,71831e2a,Nathan Su,2026-04-15,21:26:33,-07:00,2026-04-15T21:26:33-07:00,1,11
global.js,36,js,71831e2a,Nathan Su,2026-04-15,21:26:33,-07:00,2026-04-15T21:26:33-07:00,1,20
global.js,37,js,71831e2a,Nathan Su,2026-04-15,21:26:33,-07:00,2026-04-15T21:26:33-07:00,0,0
global.js,38,js,71831e2a,Nathan Su,2026-04-15,21:26:33,-07:00,2026-04-15T21:26:33-07:00,1,23
global.js,39,js,71831e2a,Nathan Su,2026-04-15,21:26:33,-07:00,2026-04-15T21:26:33-07:00,1,65
global.js,40,js,71831e2a,Nathan Su,2026-04-15,21:26:33,-07:00,2026-04-15T21:26:33-07:00,2,25
global.js,41,js,71831e2a,Nathan Su,2026-04-15,21:26:33,-07:00,2026-04-15T21:26:33-07:00,1,0
global.js,42,js,71831e2a,Nathan Su,2026-04-15,21:26:33,-07:00,2026-04-15T21:26:33-07:00,0,0
global.js,43,js,71831e2a,Nathan Su,2026-04-15,21:26:33,-07:00,2026-04-15T21:26:33-07:00,1,33
global.js,44,js,71831e2a,Nathan Su,2026-04-15,21:26:33,-07:00,2026-04-15T21:26:33-07:00,1,29
global.js,45,js,71831e2a,Nathan Su,2026-04-15,21:26:33,-07:00,2026-04-15T21:26:33-07:00,2,18
global.js,46,js,71831e2a,Nathan Su,2026-04-15,21:26:33,-07:00,2026-04-15T21:26:33-07:00,1,0
global.js,47,js,71831e2a,Nathan Su,2026-04-15,21:26:33,-07:00,2026-04-15T21:26:33-07:00,0,0
global.js,48,js,71831e2a,Nathan Su,2026-04-15,21:26:33,-07:00,2026-04-15T21:26:33-07:00,1,12
global.js,49,js,71831e2a,Nathan Su,2026-04-15,21:26:33,-07:00,2026-04-15T21:26:33-07:00,0,0
global.js,50,js,71831e2a,Nathan Su,2026-04-15,21:26:33,-07:00,2026-04-15T21:26:33-07:00,0,0
global.js,51,js,71831e2a,Nathan Su,2026-04-15,21:26:33,-07:00,2026-04-15T21:26:33-07:00,0,38
global.js,52,js,71831e2a,Nathan Su,2026-04-15,21:26:33,-07:00,2026-04-15T21:26:33-07:00,0,31
global.js,53,js,71831e2a,Nathan Su,2026-04-15,21:26:33,-07:00,2026-04-15T21:26:33-07:00,1,11
global.js,54,js,71831e2a,Nathan Su,2026-04-15,21:26:33,-07:00,2026-04-15T21:26:33-07:00,1,0
global.js,55,js,71831e2a,Nathan Su,2026-04-15,21:26:33,-07:00,2026-04-15T21:26:33-07:00,0,26
global.js,56,js,71831e2a,Nathan Su,2026-04-15,21:26:33,-07:00,2026-04-15T21:26:33-07:00,0,4
global.js,57,js,71831e2a,Nathan Su,2026-04-15,21:26:33,-07:00,2026-04-15T21:26:33-07:00,0,26
global.js,58,js,71831e2a,Nathan Su,2026-04-15,21:26:33,-07:00,2026-04-15T21:26:33-07:00,0,43
global.js,59,js,71831e2a,Nathan Su,2026-04-15,21:26:33,-07:00,2026-04-15T21:26:33-07:00,0,34
global.js,60,js,71831e2a,Nathan Su,2026-04-15,21:26:33,-07:00,2026-04-15T21:26:33-07:00,0,32
global.js,61,js,71831e2a,Nathan Su,2026-04-15,21:26:33,-07:00,2026-04-15T21:26:33-07:00,0,7
global.js,62,js,71831e2a,Nathan Su,2026-04-15,21:26:33,-07:00,2026-04-15T21:26:33-07:00,0,7
global.js,63,js,71831e2a,Nathan Su,2026-04-15,21:26:33,-07:00,2026-04-15T21:26:33-07:00,0,0
global.js,64,js,71831e2a,Nathan Su,2026-04-15,21:26:33,-07:00,2026-04-15T21:26:33-07:00,0,0
global.js,65,js,71831e2a,Nathan Su,2026-04-15,21:26:33,-07:00,2026-04-15T21:26:33-07:00,0,55
global.js,66,js,71831e2a,Nathan Su,2026-04-15,21:26:33,-07:00,2026-04-15T21:26:33-07:00,0,0
global.js,67,js,71831e2a,Nathan Su,2026-04-15,21:26:33,-07:00,2026-04-15T21:26:33-07:00,0,45
global.js,68,js,71831e2a,Nathan Su,2026-04-15,21:26:33,-07:00,2026-04-15T21:26:33-07:00,0,36
global.js,69,js,71831e2a,Nathan Su,2026-04-15,21:26:33,-07:00,2026-04-15T21:26:33-07:00,1,70
global.js,70,js,71831e2a,Nathan Su,2026-04-15,21:26:33,-07:00,2026-04-15T21:26:33-07:00,1,25
global.js,71,js,71831e2a,Nathan Su,2026-04-15,21:26:33,-07:00,2026-04-15T21:26:33-07:00,0,0
global.js,72,js,71831e2a,Nathan Su,2026-04-15,21:26:33,-07:00,2026-04-15T21:26:33-07:00,0,0
global.js,73,js,71831e2a,Nathan Su,2026-04-15,21:26:33,-07:00,2026-04-15T21:26:33-07:00,0,68
global.js,74,js,71831e2a,Nathan Su,2026-04-15,21:26:33,-07:00,2026-04-15T21:26:33-07:00,0,49
global.js,75,js,71831e2a,Nathan Su,2026-04-15,21:26:33,-07:00,2026-04-15T21:26:33-07:00,1,33
global.js,76,js,71831e2a,Nathan Su,2026-04-15,21:26:33,-07:00,2026-04-15T21:26:33-07:00,1,44
global.js,77,js,71831e2a,Nathan Su,2026-04-15,21:26:33,-07:00,2026-04-15T21:26:33-07:00,0,1
global.js,78,js,71831e2a,Nathan Su,2026-04-15,21:26:33,-07:00,2026-04-15T21:26:33-07:00,0,0
global.js,79,js,71831e2a,Nathan Su,2026-04-15,21:26:33,-07:00,2026-04-15T21:26:33-07:00,0,35
global.js,80,js,71831e2a,Nathan Su,2026-04-15,21:26:33,-07:00,2026-04-15T21:26:33-07:00,0,29
global.js,81,js,71831e2a,Nathan Su,2026-04-15,21:26:33,-07:00,2026-04-15T21:26:33-07:00,1,39
global.js,82,js,3af97e73,Nathan Su,2026-04-24,13:01:34,-07:00,2026-04-24T13:01:34-07:00,0,0
global.js,83,js,3af97e73,Nathan Su,2026-04-24,13:01:34,-07:00,2026-04-24T13:01:34-07:00,0,0
global.js,84,js,3af97e73,Nathan Su,2026-04-24,13:01:34,-07:00,2026-04-24T13:01:34-07:00,0,36
global.js,85,js,b4815a0b,Nathan Su,2026-04-24,13:21:59,-07:00,2026-04-24T13:21:59-07:00,2,3
global.js,86,js,b4815a0b,Nathan Su,2026-04-24,13:21:59,-07:00,2026-04-24T13:21:59-07:00,4,32
global.js,87,js,b4815a0b,Nathan Su,2026-04-24,13:21:59,-07:00,2026-04-24T13:21:59-07:00,0,0
global.js,88,js,b4815a0b,Nathan Su,2026-04-24,13:21:59,-07:00,2026-04-24T13:21:59-07:00,0,0
global.js,89,js,b4815a0b,Nathan Su,2026-04-24,13:21:59,-07:00,2026-04-24T13:21:59-07:00,4,17
global.js,90,js,b4815a0b,Nathan Su,2026-04-24,13:21:59,-07:00,2026-04-24T13:21:59-07:00,6,66
global.js,91,js,b4815a0b,Nathan Su,2026-04-24,13:21:59,-07:00,2026-04-24T13:21:59-07:00,4,0
global.js,92,js,b4815a0b,Nathan Su,2026-04-24,13:21:59,-07:00,2026-04-24T13:21:59-07:00,0,0
global.js,93,js,b4815a0b,Nathan Su,2026-04-24,13:21:59,-07:00,2026-04-24T13:21:59-07:00,0,0
global.js,94,js,b4815a0b,Nathan Su,2026-04-24,13:21:59,-07:00,2026-04-24T13:21:59-07:00,4,33
global.js,95,js,b4815a0b,Nathan Su,2026-04-24,13:21:59,-07:00,2026-04-24T13:21:59-07:00,4,10
global.js,96,js,b4815a0b,Nathan Su,2026-04-24,13:21:59,-07:00,2026-04-24T13:21:59-07:00,2,15
global.js,97,js,b4815a0b,Nathan Su,2026-04-24,13:21:59,-07:00,2026-04-24T13:21:59-07:00,4,59
global.js,98,js,b4815a0b,Nathan Su,2026-04-24,13:21:59,-07:00,2026-04-24T13:21:59-07:00,2,0
global.js,99,js,3af97e73,Nathan Su,2026-04-24,13:01:34,-07:00,2026-04-24T13:01:34-07:00,0,0
global.js,100,js,3af97e73,Nathan Su,2026-04-24,13:01:34,-07:00,2026-04-24T13:01:34-07:00,0,0
global.js,101,js,3af97e73,Nathan Su,2026-04-24,13:01:34,-07:00,2026-04-24T13:01:34-07:00,0,79
global.js,102,js,90537bcc,Nathan Su,2026-04-28,00:13:40,-07:00,2026-04-28T00:13:40-07:00,2,26
global.js,103,js,3af97e73,Nathan Su,2026-04-24,13:01:34,-07:00,2026-04-24T13:01:34-07:00,2,30
global.js,104,js,3af97e73,Nathan Su,2026-04-24,13:01:34,-07:00,2026-04-24T13:01:34-07:00,0,0
global.js,105,js,3af97e73,Nathan Su,2026-04-24,13:01:34,-07:00,2026-04-24T13:01:34-07:00,2,29
global.js,106,js,3af97e73,Nathan Su,2026-04-24,13:01:34,-07:00,2026-04-24T13:01:34-07:00,4,48
global.js,107,js,3af97e73,Nathan Su,2026-04-24,13:01:34,-07:00,2026-04-24T13:01:34-07:00,0,0
global.js,108,js,90537bcc,Nathan Su,2026-04-28,00:13:40,-07:00,2026-04-28T00:13:40-07:00,4,69
global.js,109,js,90537bcc,Nathan Su,2026-04-28,00:13:40,-07:00,2026-04-28T00:13:40-07:00,4,58
global.js,110,js,3af97e73,Nathan Su,2026-04-24,13:01:34,-07:00,2026-04-24T13:01:34-07:00,4,19
global.js,111,js,3af97e73,Nathan Su,2026-04-24,13:01:34,-07:00,2026-04-24T13:01:34-07:00,6,49
global.js,112,js,3af97e73,Nathan Su,2026-04-24,13:01:34,-07:00,2026-04-24T13:01:34-07:00,6,49
global.js,113,js,90537bcc,Nathan Su,2026-04-28,00:13:40,-07:00,2026-04-28T00:13:40-07:00,6,27
global.js,114,js,90537bcc,Nathan Su,2026-04-28,00:13:40,-07:00,2026-04-28T00:13:40-07:00,8,27
global.js,115,js,90537bcc,Nathan Su,2026-04-28,00:13:40,-07:00,2026-04-28T00:13:40-07:00,8,93
global.js,116,js,90537bcc,Nathan Su,2026-04-28,00:13:40,-07:00,2026-04-28T00:13:40-07:00,10,16
global.js,117,js,90537bcc,Nathan Su,2026-04-28,00:13:40,-07:00,2026-04-28T00:13:40-07:00,8,2
global.js,118,js,90537bcc,Nathan Su,2026-04-28,00:13:40,-07:00,2026-04-28T00:13:40-07:00,6,4
global.js,119,js,3af97e73,Nathan Su,2026-04-24,13:01:34,-07:00,2026-04-24T13:01:34-07:00,4,0
global.js,120,js,3af97e73,Nathan Su,2026-04-24,13:01:34,-07:00,2026-04-24T13:01:34-07:00,0,0
global.js,121,js,3af97e73,Nathan Su,2026-04-24,13:01:34,-07:00,2026-04-24T13:01:34-07:00,4,36
global.js,122,js,3af97e73,Nathan Su,2026-04-24,13:01:34,-07:00,2026-04-24T13:01:34-07:00,2,0
global.js,123,js,90537bcc,Nathan Su,2026-04-28,00:13:40,-07:00,2026-04-28T00:13:40-07:00,0,0
Resume\index.html,1,html,8913c871,Nathan Su,2026-04-03,01:24:00,-07:00,2026-04-03T01:24:00-07:00,0,13
Resume\index.html,2,html,8913c871,Nathan Su,2026-04-03,01:24:00,-07:00,2026-04-03T01:24:00-07:00,0,14
Resume\index.html,3,html,8913c871,Nathan Su,2026-04-03,01:24:00,-07:00,2026-04-03T01:24:00-07:00,0,4
Resume\index.html,4,html,8913c871,Nathan Su,2026-04-03,01:24:00,-07:00,2026-04-03T01:24:00-07:00,2,20
Resume\index.html,5,html,8913c871,Nathan Su,2026-04-03,01:24:00,-07:00,2026-04-03T01:24:00-07:00,2,68
Resume\index.html,6,html,8913c871,Nathan Su,2026-04-03,01:24:00,-07:00,2026-04-03T01:24:00-07:00,2,31
Resume\index.html,7,html,8913c871,Nathan Su,2026-04-03,01:24:00,-07:00,2026-04-03T01:24:00-07:00,2,41
Resume\index.html,8,html,71831e2a,Nathan Su,2026-04-15,21:26:33,-07:00,2026-04-15T21:26:33-07:00,2,48
Resume\index.html,9,html,8913c871,Nathan Su,2026-04-03,01:24:00,-07:00,2026-04-03T01:24:00-07:00,0,5
Resume\index.html,10,html,8913c871,Nathan Su,2026-04-03,01:24:00,-07:00,2026-04-03T01:24:00-07:00,0,4
Resume\index.html,11,html,8913c871,Nathan Su,2026-04-03,01:24:00,-07:00,2026-04-03T01:24:00-07:00,2,6
Resume\index.html,12,html,8913c871,Nathan Su,2026-04-03,01:24:00,-07:00,2026-04-03T01:24:00-07:00,4,16
Resume\index.html,13,html,8913c871,Nathan Su,2026-04-03,01:24:00,-07:00,2026-04-03T01:24:00-07:00,4,39
Resume\index.html,14,html,8913c871,Nathan Su,2026-04-03,01:24:00,-07:00,2026-04-03T01:24:00-07:00,2,7
Resume\index.html,15,html,8913c871,Nathan Su,2026-04-03,01:24:00,-07:00,2026-04-03T01:24:00-07:00,0,0
Resume\index.html,16,html,8913c871,Nathan Su,2026-04-03,01:24:00,-07:00,2026-04-03T01:24:00-07:00,2,7
Resume\index.html,17,html,8913c871,Nathan Su,2026-04-03,01:24:00,-07:00,2026-04-03T01:24:00-07:00,4,16
Resume\index.html,18,html,8913c871,Nathan Su,2026-04-03,01:24:00,-07:00,2026-04-03T01:24:00-07:00,4,7
Resume\index.html,19,html,8913c871,Nathan Su,2026-04-03,01:24:00,-07:00,2026-04-03T01:24:00-07:00,6,19
Resume\index.html,20,html,8913c871,Nathan Su,2026-04-03,01:24:00,-07:00,2026-04-03T01:24:00-07:00,6,26
Resume\index.html,21,html,8913c871,Nathan Su,2026-04-03,01:24:00,-07:00,2026-04-03T01:24:00-07:00,6,25
Resume\index.html,22,html,8913c871,Nathan Su,2026-04-03,01:24:00,-07:00,2026-04-03T01:24:00-07:00,4,8
Resume\index.html,23,html,8913c871,Nathan Su,2026-04-03,01:24:00,-07:00,2026-04-03T01:24:00-07:00,2,8
Resume\index.html,24,html,8913c871,Nathan Su,2026-04-03,01:24:00,-07:00,2026-04-03T01:24:00-07:00,0,0
Resume\index.html,25,html,8913c871,Nathan Su,2026-04-03,01:24:00,-07:00,2026-04-03T01:24:00-07:00,2,7
Resume\index.html,26,html,8913c871,Nathan Su,2026-04-03,01:24:00,-07:00,2026-04-03T01:24:00-07:00,4,22
Resume\index.html,27,html,8913c871,Nathan Su,2026-04-03,01:24:00,-07:00,2026-04-03T01:24:00-07:00,4,7
Resume\index.html,28,html,8913c871,Nathan Su,2026-04-03,01:24:00,-07:00,2026-04-03T01:24:00-07:00,6,6
Resume\index.html,29,html,8913c871,Nathan Su,2026-04-03,01:24:00,-07:00,2026-04-03T01:24:00-07:00,8,44
Resume\index.html,30,html,8913c871,Nathan Su,2026-04-03,01:24:00,-07:00,2026-04-03T01:24:00-07:00,8,25
Resume\index.html,31,html,8913c871,Nathan Su,2026-04-03,01:24:00,-07:00,2026-04-03T01:24:00-07:00,6,7
Resume\index.html,32,html,8913c871,Nathan Su,2026-04-03,01:24:00,-07:00,2026-04-03T01:24:00-07:00,6,2
Resume\index.html,33,html,8913c871,Nathan Su,2026-04-03,01:24:00,-07:00,2026-04-03T01:24:00-07:00,8,69
Resume\index.html,34,html,8913c871,Nathan Su,2026-04-03,01:24:00,-07:00,2026-04-03T01:24:00-07:00,6,3
Resume\index.html,35,html,8913c871,Nathan Su,2026-04-03,01:24:00,-07:00,2026-04-03T01:24:00-07:00,4,8
Resume\index.html,36,html,8913c871,Nathan Su,2026-04-03,01:24:00,-07:00,2026-04-03T01:24:00-07:00,2,8
Resume\index.html,37,html,8913c871,Nathan Su,2026-04-03,01:24:00,-07:00,2026-04-03T01:24:00-07:00,0,0
Resume\index.html,38,html,8913c871,Nathan Su,2026-04-03,01:24:00,-07:00,2026-04-03T01:24:00-07:00,2,7
Resume\index.html,39,html,8913c871,Nathan Su,2026-04-03,01:24:00,-07:00,2026-04-03T01:24:00-07:00,4,15
Resume\index.html,40,html,8913c871,Nathan Su,2026-04-03,01:24:00,-07:00,2026-04-03T01:24:00-07:00,4,7
Resume\index.html,41,html,8913c871,Nathan Su,2026-04-03,01:24:00,-07:00,2026-04-03T01:24:00-07:00,6,49
Resume\index.html,42,html,8913c871,Nathan Su,2026-04-03,01:24:00,-07:00,2026-04-03T01:24:00-07:00,6,81
Resume\index.html,43,html,8913c871,Nathan Su,2026-04-03,01:24:00,-07:00,2026-04-03T01:24:00-07:00,4,8
Resume\index.html,44,html,8913c871,Nathan Su,2026-04-03,01:24:00,-07:00,2026-04-03T01:24:00-07:00,0,0
Resume\index.html,45,html,8913c871,Nathan Su,2026-04-03,01:24:00,-07:00,2026-04-03T01:24:00-07:00,4,7
Resume\index.html,46,html,8913c871,Nathan Su,2026-04-03,01:24:00,-07:00,2026-04-03T01:24:00-07:00,6,30
Resume\index.html,47,html,8913c871,Nathan Su,2026-04-03,01:24:00,-07:00,2026-04-03T01:24:00-07:00,6,59
Resume\index.html,48,html,8913c871,Nathan Su,2026-04-03,01:24:00,-07:00,2026-04-03T01:24:00-07:00,4,8
Resume\index.html,49,html,8913c871,Nathan Su,2026-04-03,01:24:00,-07:00,2026-04-03T01:24:00-07:00,2,8
Resume\index.html,50,html,8913c871,Nathan Su,2026-04-03,01:24:00,-07:00,2026-04-03T01:24:00-07:00,0,0
Resume\index.html,51,html,8913c871,Nathan Su,2026-04-03,01:24:00,-07:00,2026-04-03T01:24:00-07:00,2,7
Resume\index.html,52,html,8913c871,Nathan Su,2026-04-03,01:24:00,-07:00,2026-04-03T01:24:00-07:00,4,13
Resume\index.html,53,html,8913c871,Nathan Su,2026-04-03,01:24:00,-07:00,2026-04-03T01:24:00-07:00,4,2
Resume\index.html,54,html,8913c871,Nathan Su,2026-04-03,01:24:00,-07:00,2026-04-03T01:24:00-07:00,6,30
Resume\index.html,55,html,8913c871,Nathan Su,2026-04-03,01:24:00,-07:00,2026-04-03T01:24:00-07:00,6,29
Resume\index.html,56,html,8913c871,Nathan Su,2026-04-03,01:24:00,-07:00,2026-04-03T01:24:00-07:00,4,3
Resume\index.html,57,html,8913c871,Nathan Su,2026-04-03,01:24:00,-07:00,2026-04-03T01:24:00-07:00,2,8
Resume\index.html,58,html,8913c871,Nathan Su,2026-04-03,01:24:00,-07:00,2026-04-03T01:24:00-07:00,0,0
Resume\index.html,59,html,8913c871,Nathan Su,2026-04-03,01:24:00,-07:00,2026-04-03T01:24:00-07:00,0,5
Resume\index.html,60,html,8913c871,Nathan Su,2026-04-03,01:24:00,-07:00,2026-04-03T01:24:00-07:00,0,5
projects\projects.js,1,js,3af97e73,Nathan Su,2026-04-24,13:01:34,-07:00,2026-04-24T13:01:34-07:00,0,55
projects\projects.js,2,js,90537bcc,Nathan Su,2026-04-28,00:13:40,-07:00,2026-04-28T00:13:40-07:00,0,63
projects\projects.js,3,js,3af97e73,Nathan Su,2026-04-24,13:01:34,-07:00,2026-04-24T13:01:34-07:00,0,0
projects\projects.js,4,js,3af97e73,Nathan Su,2026-04-24,13:01:34,-07:00,2026-04-24T13:01:34-07:00,0,55
projects\projects.js,5,js,3af97e73,Nathan Su,2026-04-24,13:01:34,-07:00,2026-04-24T13:01:34-07:00,0,60
projects\projects.js,6,js,90537bcc,Nathan Su,2026-04-28,00:13:40,-07:00,2026-04-28T00:13:40-07:00,0,48
projects\projects.js,7,js,3af97e73,Nathan Su,2026-04-24,13:01:34,-07:00,2026-04-24T13:01:34-07:00,0,0
projects\projects.js,8,js,90537bcc,Nathan Su,2026-04-28,00:13:40,-07:00,2026-04-28T00:13:40-07:00,0,27
projects\projects.js,9,js,3af97e73,Nathan Su,2026-04-24,13:01:34,-07:00,2026-04-24T13:01:34-07:00,0,62
projects\projects.js,10,js,3af97e73,Nathan Su,2026-04-24,13:01:34,-07:00,2026-04-24T13:01:34-07:00,0,18
projects\projects.js,11,js,90537bcc,Nathan Su,2026-04-28,00:13:40,-07:00,2026-04-28T00:13:40-07:00,2,90
projects\projects.js,12,js,3af97e73,Nathan Su,2026-04-24,13:01:34,-07:00,2026-04-24T13:01:34-07:00,0,0
projects\projects.js,13,js,3af97e73,Nathan Su,2026-04-24,13:01:34,-07:00,2026-04-24T13:01:34-07:00,0,0
projects\projects.js,14,js,90537bcc,Nathan Su,2026-04-28,00:13:40,-07:00,2026-04-28T00:13:40-07:00,0,21
projects\projects.js,15,js,90537bcc,Nathan Su,2026-04-28,00:13:40,-07:00,2026-04-28T00:13:40-07:00,0,13
projects\projects.js,16,js,90537bcc,Nathan Su,2026-04-28,00:13:40,-07:00,2026-04-28T00:13:40-07:00,0,0
projects\projects.js,17,js,90537bcc,Nathan Su,2026-04-28,00:13:40,-07:00,2026-04-28T00:13:40-07:00,0,37
projects\projects.js,18,js,90537bcc,Nathan Su,2026-04-28,00:13:40,-07:00,2026-04-28T00:13:40-07:00,0,0
projects\projects.js,19,js,90537bcc,Nathan Su,2026-04-28,00:13:40,-07:00,2026-04-28T00:13:40-07:00,0,33
projects\projects.js,20,js,90537bcc,Nathan Su,2026-04-28,00:13:40,-07:00,2026-04-28T00:13:40-07:00,2,51
projects\projects.js,21,js,90537bcc,Nathan Su,2026-04-28,00:13:40,-07:00,2026-04-28T00:13:40-07:00,4,59
projects\projects.js,22,js,90537bcc,Nathan Su,2026-04-28,00:13:40,-07:00,2026-04-28T00:13:40-07:00,4,41
projects\projects.js,23,js,90537bcc,Nathan Su,2026-04-28,00:13:40,-07:00,2026-04-28T00:13:40-07:00,0,0
projects\projects.js,24,js,90537bcc,Nathan Su,2026-04-28,00:13:40,-07:00,2026-04-28T00:13:40-07:00,4,33
projects\projects.js,25,js,90537bcc,Nathan Su,2026-04-28,00:13:40,-07:00,2026-04-28T00:13:40-07:00,4,17
projects\projects.js,26,js,90537bcc,Nathan Su,2026-04-28,00:13:40,-07:00,2026-04-28T00:13:40-07:00,6,52
projects\projects.js,27,js,90537bcc,Nathan Su,2026-04-28,00:13:40,-07:00,2026-04-28T00:13:40-07:00,4,0
projects\projects.js,28,js,90537bcc,Nathan Su,2026-04-28,00:13:40,-07:00,2026-04-28T00:13:40-07:00,4,19
projects\projects.js,29,js,90537bcc,Nathan Su,2026-04-28,00:13:40,-07:00,2026-04-28T00:13:40-07:00,2,1
projects\projects.js,30,js,90537bcc,Nathan Su,2026-04-28,00:13:40,-07:00,2026-04-28T00:13:40-07:00,0,0
projects\projects.js,31,js,90537bcc,Nathan Su,2026-04-28,00:13:40,-07:00,2026-04-28T00:13:40-07:00,2,56
projects\projects.js,32,js,90537bcc,Nathan Su,2026-04-28,00:13:40,-07:00,2026-04-28T00:13:40-07:00,2,0
projects\projects.js,33,js,90537bcc,Nathan Su,2026-04-28,00:13:40,-07:00,2026-04-28T00:13:40-07:00,2,18
projects\projects.js,34,js,90537bcc,Nathan Su,2026-04-28,00:13:40,-07:00,2026-04-28T00:13:40-07:00,4,106
projects\projects.js,35,js,90537bcc,Nathan Su,2026-04-28,00:13:40,-07:00,2026-04-28T00:13:40-07:00,2,0
projects\projects.js,36,js,90537bcc,Nathan Su,2026-04-28,00:13:40,-07:00,2026-04-28T00:13:40-07:00,0,0
projects\projects.js,37,js,90537bcc,Nathan Su,2026-04-28,00:13:40,-07:00,2026-04-28T00:13:40-07:00,0,0
projects\projects.js,38,js,90537bcc,Nathan Su,2026-04-28,00:13:40,-07:00,2026-04-28T00:13:40-07:00,0,0
projects\projects.js,39,js,90537bcc,Nathan Su,2026-04-28,00:13:40,-07:00,2026-04-28T00:13:40-07:00,0,39
projects\projects.js,40,js,90537bcc,Nathan Su,2026-04-28,00:13:40,-07:00,2026-04-28T00:13:40-07:00,2,70
projects\projects.js,41,js,90537bcc,Nathan Su,2026-04-28,00:13:40,-07:00,2026-04-28T00:13:40-07:00,2,76
projects\projects.js,42,js,90537bcc,Nathan Su,2026-04-28,00:13:40,-07:00,2026-04-28T00:13:40-07:00,0,0
projects\projects.js,43,js,90537bcc,Nathan Su,2026-04-28,00:13:40,-07:00,2026-04-28T00:13:40-07:00,2,57
projects\projects.js,44,js,90537bcc,Nathan Su,2026-04-28,00:13:40,-07:00,2026-04-28T00:13:40-07:00,2,48
projects\projects.js,45,js,90537bcc,Nathan Su,2026-04-28,00:13:40,-07:00,2026-04-28T00:13:40-07:00,2,33
projects\projects.js,46,js,90537bcc,Nathan Su,2026-04-28,00:13:40,-07:00,2026-04-28T00:13:40-07:00,2,47
projects\projects.js,47,js,b4815a0b,Nathan Su,2026-04-24,13:21:59,-07:00,2026-04-24T13:21:59-07:00,0,0
projects\projects.js,48,js,90537bcc,Nathan Su,2026-04-28,00:13:40,-07:00,2026-04-28T00:13:40-07:00,2,36
projects\projects.js,49,js,90537bcc,Nathan Su,2026-04-28,00:13:40,-07:00,2026-04-28T00:13:40-07:00,2,29
projects\projects.js,50,js,90537bcc,Nathan Su,2026-04-28,00:13:40,-07:00,2026-04-28T00:13:40-07:00,2,41
projects\projects.js,51,js,90537bcc,Nathan Su,2026-04-28,00:13:40,-07:00,2026-04-28T00:13:40-07:00,2,29
projects\projects.js,52,js,90537bcc,Nathan Su,2026-04-28,00:13:40,-07:00,2026-04-28T00:13:40-07:00,0,0
projects\projects.js,53,js,90537bcc,Nathan Su,2026-04-28,00:13:40,-07:00,2026-04-28T00:13:40-07:00,2,27
projects\projects.js,54,js,90537bcc,Nathan Su,2026-04-28,00:13:40,-07:00,2026-04-28T00:13:40-07:00,2,16
projects\projects.js,55,js,90537bcc,Nathan Su,2026-04-28,00:13:40,-07:00,2026-04-28T00:13:40-07:00,3,25
projects\projects.js,56,js,90537bcc,Nathan Su,2026-04-28,00:13:40,-07:00,2026-04-28T00:13:40-07:00,3,22
projects\projects.js,57,js,90537bcc,Nathan Su,2026-04-28,00:13:40,-07:00,2026-04-28T00:13:40-07:00,3,56
projects\projects.js,58,js,90537bcc,Nathan Su,2026-04-28,00:13:40,-07:00,2026-04-28T00:13:40-07:00,3,61
projects\projects.js,59,js,90537bcc,Nathan Su,2026-04-28,00:13:40,-07:00,2026-04-28T00:13:40-07:00,3,18
projects\projects.js,60,js,90537bcc,Nathan Su,2026-04-28,00:13:40,-07:00,2026-04-28T00:13:40-07:00,5,30
projects\projects.js,61,js,90537bcc,Nathan Su,2026-04-28,00:13:40,-07:00,2026-04-28T00:13:40-07:00,5,63
projects\projects.js,62,js,90537bcc,Nathan Su,2026-04-28,00:13:40,-07:00,2026-04-28T00:13:40-07:00,0,0
projects\projects.js,63,js,90537bcc,Nathan Su,2026-04-28,00:13:40,-07:00,2026-04-28T00:13:40-07:00,5,23
projects\projects.js,64,js,90537bcc,Nathan Su,2026-04-28,00:13:40,-07:00,2026-04-28T00:13:40-07:00,5,29
projects\projects.js,65,js,90537bcc,Nathan Su,2026-04-28,00:13:40,-07:00,2026-04-28T00:13:40-07:00,3,1
projects\projects.js,66,js,90537bcc,Nathan Su,2026-04-28,00:13:40,-07:00,2026-04-28T00:13:40-07:00,0,0
projects\projects.js,67,js,90537bcc,Nathan Su,2026-04-28,00:13:40,-07:00,2026-04-28T00:13:40-07:00,2,17
projects\projects.js,68,js,90537bcc,Nathan Su,2026-04-28,00:13:40,-07:00,2026-04-28T00:13:40-07:00,5,36
projects\projects.js,69,js,90537bcc,Nathan Su,2026-04-28,00:13:40,-07:00,2026-04-28T00:13:40-07:00,5,56
projects\projects.js,70,js,90537bcc,Nathan Su,2026-04-28,00:13:40,-07:00,2026-04-28T00:13:40-07:00,5,78
projects\projects.js,71,js,90537bcc,Nathan Su,2026-04-28,00:13:40,-07:00,2026-04-28T00:13:40-07:00,5,79
projects\projects.js,72,js,90537bcc,Nathan Su,2026-04-28,00:13:40,-07:00,2026-04-28T00:13:40-07:00,2,1
projects\projects.js,73,js,90537bcc,Nathan Su,2026-04-28,00:13:40,-07:00,2026-04-28T00:13:40-07:00,0,0
projects\projects.js,74,js,90537bcc,Nathan Su,2026-04-28,00:13:40,-07:00,2026-04-28T00:13:40-07:00,0,0
projects\projects.js,75,js,90537bcc,Nathan Su,2026-04-28,00:13:40,-07:00,2026-04-28T00:13:40-07:00,0,15
projects\projects.js,76,js,3af97e73,Nathan Su,2026-04-24,13:01:34,-07:00,2026-04-24T13:01:34-07:00,0,48
projects\projects.js,77,js,90537bcc,Nathan Su,2026-04-28,00:13:40,-07:00,2026-04-28T00:13:40-07:00,0,23
projects\projects.js,78,js,90537bcc,Nathan Su,2026-04-28,00:13:40,-07:00,2026-04-28T00:13:40-07:00,0,18
projects\projects.js,79,js,90537bcc,Nathan Su,2026-04-28,00:13:40,-07:00,2026-04-28T00:13:40-07:00,2,90
projects\projects.js,80,js,90537bcc,Nathan Su,2026-04-28,00:13:40,-07:00,2026-04-28T00:13:40-07:00,0,0
projects\projects.js,81,js,90537bcc,Nathan Su,2026-04-28,00:13:40,-07:00,2026-04-28T00:13:40-07:00,0,0
projects\projects.js,82,js,90537bcc,Nathan Su,2026-04-28,00:13:40,-07:00,2026-04-28T00:13:40-07:00,0,16
projects\projects.js,83,js,90537bcc,Nathan Su,2026-04-28,00:13:40,-07:00,2026-04-28T00:13:40-07:00,0,59
projects\projects.js,84,js,90537bcc,Nathan Su,2026-04-28,00:13:40,-07:00,2026-04-28T00:13:40-07:00,0,48
projects\projects.js,85,js,90537bcc,Nathan Su,2026-04-28,00:13:40,-07:00,2026-04-28T00:13:40-07:00,2,39
projects\projects.js,86,js,90537bcc,Nathan Su,2026-04-28,00:13:40,-07:00,2026-04-28T00:13:40-07:00,0,0
projects\projects.js,87,js,90537bcc,Nathan Su,2026-04-28,00:13:40,-07:00,2026-04-28T00:13:40-07:00,2,33
projects\projects.js,88,js,90537bcc,Nathan Su,2026-04-28,00:13:40,-07:00,2026-04-28T00:13:40-07:00,2,23
projects\projects.js,89,js,90537bcc,Nathan Su,2026-04-28,00:13:40,-07:00,2026-04-28T00:13:40-07:00,0,0
projects\projects.js,90,js,90537bcc,Nathan Su,2026-04-28,00:13:40,-07:00,2026-04-28T00:13:40-07:00,2,56
projects\projects.js,91,js,90537bcc,Nathan Su,2026-04-28,00:13:40,-07:00,2026-04-28T00:13:40-07:00,2,39
projects\projects.js,92,js,90537bcc,Nathan Su,2026-04-28,00:13:40,-07:00,2026-04-28T00:13:40-07:00,4,55
projects\projects.js,93,js,90537bcc,Nathan Su,2026-04-28,00:13:40,-07:00,2026-04-28T00:13:40-07:00,2,0
projects\projects.js,94,js,90537bcc,Nathan Su,2026-04-28,00:13:40,-07:00,2026-04-28T00:13:40-07:00,2,29
projects\projects.js,95,js,90537bcc,Nathan Su,2026-04-28,00:13:40,-07:00,2026-04-28T00:13:40-07:00,0,1
projects\index.html,1,html,8913c871,Nathan Su,2026-04-03,01:24:00,-07:00,2026-04-03T01:24:00-07:00,0,13
projects\index.html,2,html,8913c871,Nathan Su,2026-04-03,01:24:00,-07:00,2026-04-03T01:24:00-07:00,0,14
projects\index.html,3,html,8913c871,Nathan Su,2026-04-03,01:24:00,-07:00,2026-04-03T01:24:00-07:00,0,4
projects\index.html,4,html,8913c871,Nathan Su,2026-04-03,01:24:00,-07:00,2026-04-03T01:24:00-07:00,2,20
projects\index.html,5,html,8913c871,Nathan Su,2026-04-03,01:24:00,-07:00,2026-04-03T01:24:00-07:00,2,68
projects\index.html,6,html,8913c871,Nathan Su,2026-04-03,01:24:00,-07:00,2026-04-03T01:24:00-07:00,2,21
projects\index.html,7,html,8913c871,Nathan Su,2026-04-03,01:24:00,-07:00,2026-04-03T01:24:00-07:00,2,41
projects\index.html,8,html,71831e2a,Nathan Su,2026-04-15,21:26:33,-07:00,2026-04-15T21:26:33-07:00,2,48
projects\index.html,9,html,8913c871,Nathan Su,2026-04-03,01:24:00,-07:00,2026-04-03T01:24:00-07:00,0,5
projects\index.html,10,html,8913c871,Nathan Su,2026-04-03,01:24:00,-07:00,2026-04-03T01:24:00-07:00,0,4
projects\index.html,11,html,3af97e73,Nathan Su,2026-04-24,13:01:34,-07:00,2026-04-24T13:01:34-07:00,2,38
projects\index.html,12,html,90537bcc,Nathan Su,2026-04-28,00:13:40,-07:00,2026-04-28T00:13:40-07:00,0,0
projects\index.html,13,html,90537bcc,Nathan Su,2026-04-28,00:13:40,-07:00,2026-04-28T00:13:40-07:00,2,21
projects\index.html,14,html,90537bcc,Nathan Su,2026-04-28,00:13:40,-07:00,2026-04-28T00:13:40-07:00,1,54
projects\index.html,15,html,90537bcc,Nathan Su,2026-04-28,00:13:40,-07:00,2026-04-28T00:13:40-07:00,1,43
projects\index.html,16,html,90537bcc,Nathan Su,2026-04-28,00:13:40,-07:00,2026-04-28T00:13:40-07:00,0,4
projects\index.html,17,html,90537bcc,Nathan Su,2026-04-28,00:13:40,-07:00,2026-04-28T00:13:40-07:00,0,0
projects\index.html,18,html,90537bcc,Nathan Su,2026-04-28,00:13:40,-07:00,2026-04-28T00:13:40-07:00,0,74
projects\index.html,19,html,90537bcc,Nathan Su,2026-04-28,00:13:40,-07:00,2026-04-28T00:13:40-07:00,0,0
projects\index.html,20,html,ea5c1819,Nathan Su,2026-04-09,18:11:03,-07:00,2026-04-09T18:11:03-07:00,2,20
projects\index.html,21,html,ea5c1819,Nathan Su,2026-04-09,18:11:03,-07:00,2026-04-09T18:11:03-07:00,4,7
projects\index.html,22,html,ea5c1819,Nathan Su,2026-04-09,18:11:03,-07:00,2026-04-09T18:11:03-07:00,6,29
projects\index.html,23,html,ea5c1819,Nathan Su,2026-04-09,18:11:03,-07:00,2026-04-09T18:11:03-07:00,6,70
projects\index.html,24,html,ea5c1819,Nathan Su,2026-04-09,18:11:03,-07:00,2026-04-09T18:11:03-07:00,6,220
projects\index.html,25,html,ea5c1819,Nathan Su,2026-04-09,18:11:03,-07:00,2026-04-09T18:11:03-07:00,4,8
projects\index.html,26,html,ea5c1819,Nathan Su,2026-04-09,18:11:03,-07:00,2026-04-09T18:11:03-07:00,4,7
projects\index.html,27,html,ea5c1819,Nathan Su,2026-04-09,18:11:03,-07:00,2026-04-09T18:11:03-07:00,6,37
projects\index.html,28,html,ea5c1819,Nathan Su,2026-04-09,18:11:03,-07:00,2026-04-09T18:11:03-07:00,6,70
projects\index.html,29,html,ea5c1819,Nathan Su,2026-04-09,18:11:03,-07:00,2026-04-09T18:11:03-07:00,6,212
projects\index.html,30,html,ea5c1819,Nathan Su,2026-04-09,18:11:03,-07:00,2026-04-09T18:11:03-07:00,4,8
projects\index.html,31,html,ea5c1819,Nathan Su,2026-04-09,18:11:03,-07:00,2026-04-09T18:11:03-07:00,4,7
projects\index.html,32,html,ea5c1819,Nathan Su,2026-04-09,18:11:03,-07:00,2026-04-09T18:11:03-07:00,6,36
projects\index.html,33,html,ea5c1819,Nathan Su,2026-04-09,18:11:03,-07:00,2026-04-09T18:11:03-07:00,6,70
projects\index.html,34,html,ea5c1819,Nathan Su,2026-04-09,18:11:03,-07:00,2026-04-09T18:11:03-07:00,6,213
projects\index.html,35,html,ea5c1819,Nathan Su,2026-04-09,18:11:03,-07:00,2026-04-09T18:11:03-07:00,4,8
projects\index.html,36,html,ea5c1819,Nathan Su,2026-04-09,18:11:03,-07:00,2026-04-09T18:11:03-07:00,4,7
projects\index.html,37,html,ea5c1819,Nathan Su,2026-04-09,18:11:03,-07:00,2026-04-09T18:11:03-07:00,6,41
projects\index.html,38,html,ea5c1819,Nathan Su,2026-04-09,18:11:03,-07:00,2026-04-09T18:11:03-07:00,6,70
projects\index.html,39,html,ea5c1819,Nathan Su,2026-04-09,18:11:03,-07:00,2026-04-09T18:11:03-07:00,6,250
projects\index.html,40,html,ea5c1819,Nathan Su,2026-04-09,18:11:03,-07:00,2026-04-09T18:11:03-07:00,4,8
projects\index.html,41,html,ea5c1819,Nathan Su,2026-04-09,18:11:03,-07:00,2026-04-09T18:11:03-07:00,4,7
projects\index.html,42,html,ea5c1819,Nathan Su,2026-04-09,18:11:03,-07:00,2026-04-09T18:11:03-07:00,6,44
projects\index.html,43,html,ea5c1819,Nathan Su,2026-04-09,18:11:03,-07:00,2026-04-09T18:11:03-07:00,6,70
projects\index.html,44,html,ea5c1819,Nathan Su,2026-04-09,18:11:03,-07:00,2026-04-09T18:11:03-07:00,6,214
projects\index.html,45,html,ea5c1819,Nathan Su,2026-04-09,18:11:03,-07:00,2026-04-09T18:11:03-07:00,4,8
projects\index.html,46,html,ea5c1819,Nathan Su,2026-04-09,18:11:03,-07:00,2026-04-09T18:11:03-07:00,4,7
projects\index.html,47,html,ea5c1819,Nathan Su,2026-04-09,18:11:03,-07:00,2026-04-09T18:11:03-07:00,6,30
projects\index.html,48,html,ea5c1819,Nathan Su,2026-04-09,18:11:03,-07:00,2026-04-09T18:11:03-07:00,6,70
projects\index.html,49,html,ea5c1819,Nathan Su,2026-04-09,18:11:03,-07:00,2026-04-09T18:11:03-07:00,6,213
projects\index.html,50,html,ea5c1819,Nathan Su,2026-04-09,18:11:03,-07:00,2026-04-09T18:11:03-07:00,4,8
projects\index.html,51,html,ea5c1819,Nathan Su,2026-04-09,18:11:03,-07:00,2026-04-09T18:11:03-07:00,4,7
projects\index.html,52,html,ea5c1819,Nathan Su,2026-04-09,18:11:03,-07:00,2026-04-09T18:11:03-07:00,6,36
projects\index.html,53,html,ea5c1819,Nathan Su,2026-04-09,18:11:03,-07:00,2026-04-09T18:11:03-07:00,6,70
projects\index.html,54,html,ea5c1819,Nathan Su,2026-04-09,18:11:03,-07:00,2026-04-09T18:11:03-07:00,6,244
projects\index.html,55,html,ea5c1819,Nathan Su,2026-04-09,18:11:03,-07:00,2026-04-09T18:11:03-07:00,4,8
projects\index.html,56,html,ea5c1819,Nathan Su,2026-04-09,18:11:03,-07:00,2026-04-09T18:11:03-07:00,4,7
projects\index.html,57,html,ea5c1819,Nathan Su,2026-04-09,18:11:03,-07:00,2026-04-09T18:11:03-07:00,6,37
projects\index.html,58,html,ea5c1819,Nathan Su,2026-04-09,18:11:03,-07:00,2026-04-09T18:11:03-07:00,6,70
projects\index.html,59,html,ea5c1819,Nathan Su,2026-04-09,18:11:03,-07:00,2026-04-09T18:11:03-07:00,6,227
projects\index.html,60,html,ea5c1819,Nathan Su,2026-04-09,18:11:03,-07:00,2026-04-09T18:11:03-07:00,4,8
projects\index.html,61,html,ea5c1819,Nathan Su,2026-04-09,18:11:03,-07:00,2026-04-09T18:11:03-07:00,4,7
projects\index.html,62,html,ea5c1819,Nathan Su,2026-04-09,18:11:03,-07:00,2026-04-09T18:11:03-07:00,6,28
projects\index.html,63,html,ea5c1819,Nathan Su,2026-04-09,18:11:03,-07:00,2026-04-09T18:11:03-07:00,6,70
projects\index.html,64,html,ea5c1819,Nathan Su,2026-04-09,18:11:03,-07:00,2026-04-09T18:11:03-07:00,6,236
projects\index.html,65,html,ea5c1819,Nathan Su,2026-04-09,18:11:03,-07:00,2026-04-09T18:11:03-07:00,4,8
projects\index.html,66,html,ea5c1819,Nathan Su,2026-04-09,18:11:03,-07:00,2026-04-09T18:11:03-07:00,4,7
projects\index.html,67,html,ea5c1819,Nathan Su,2026-04-09,18:11:03,-07:00,2026-04-09T18:11:03-07:00,6,31
projects\index.html,68,html,ea5c1819,Nathan Su,2026-04-09,18:11:03,-07:00,2026-04-09T18:11:03-07:00,6,70
projects\index.html,69,html,ea5c1819,Nathan Su,2026-04-09,18:11:03,-07:00,2026-04-09T18:11:03-07:00,6,236
projects\index.html,70,html,ea5c1819,Nathan Su,2026-04-09,18:11:03,-07:00,2026-04-09T18:11:03-07:00,4,8
projects\index.html,71,html,ea5c1819,Nathan Su,2026-04-09,18:11:03,-07:00,2026-04-09T18:11:03-07:00,4,7
projects\index.html,72,html,ea5c1819,Nathan Su,2026-04-09,18:11:03,-07:00,2026-04-09T18:11:03-07:00,6,41
projects\index.html,73,html,ea5c1819,Nathan Su,2026-04-09,18:11:03,-07:00,2026-04-09T18:11:03-07:00,6,70
projects\index.html,74,html,ea5c1819,Nathan Su,2026-04-09,18:11:03,-07:00,2026-04-09T18:11:03-07:00,6,245
projects\index.html,75,html,ea5c1819,Nathan Su,2026-04-09,18:11:03,-07:00,2026-04-09T18:11:03-07:00,4,8
projects\index.html,76,html,ea5c1819,Nathan Su,2026-04-09,18:11:03,-07:00,2026-04-09T18:11:03-07:00,4,7
projects\index.html,77,html,ea5c1819,Nathan Su,2026-04-09,18:11:03,-07:00,2026-04-09T18:11:03-07:00,6,38
projects\index.html,78,html,ea5c1819,Nathan Su,2026-04-09,18:11:03,-07:00,2026-04-09T18:11:03-07:00,6,70
projects\index.html,79,html,ea5c1819,Nathan Su,2026-04-09,18:11:03,-07:00,2026-04-09T18:11:03-07:00,6,229
projects\index.html,80,html,ea5c1819,Nathan Su,2026-04-09,18:11:03,-07:00,2026-04-09T18:11:03-07:00,4,8
projects\index.html,81,html,ea5c1819,Nathan Su,2026-04-09,18:11:03,-07:00,2026-04-09T18:11:03-07:00,2,4
projects\index.html,82,html,3af97e73,Nathan Su,2026-04-24,13:01:34,-07:00,2026-04-24T13:01:34-07:00,0,0
projects\index.html,83,html,3af97e73,Nathan Su,2026-04-24,13:01:34,-07:00,2026-04-24T13:01:34-07:00,2,47
projects\index.html,84,html,3af97e73,Nathan Su,2026-04-24,13:01:34,-07:00,2026-04-24T13:01:34-07:00,0,0
projects\index.html,85,html,8913c871,Nathan Su,2026-04-03,01:24:00,-07:00,2026-04-03T01:24:00-07:00,0,5
projects\index.html,86,html,8913c871,Nathan Su,2026-04-03,01:24:00,-07:00,2026-04-03T01:24:00-07:00,0,5
contact\index.html,1,html,8913c871,Nathan Su,2026-04-03,01:24:00,-07:00,2026-04-03T01:24:00-07:00,0,13
contact\index.html,2,html,8913c871,Nathan Su,2026-04-03,01:24:00,-07:00,2026-04-03T01:24:00-07:00,0,14
contact\index.html,3,html,8913c871,Nathan Su,2026-04-03,01:24:00,-07:00,2026-04-03T01:24:00-07:00,0,4
contact\index.html,4,html,8913c871,Nathan Su,2026-04-03,01:24:00,-07:00,2026-04-03T01:24:00-07:00,2,20
contact\index.html,5,html,8913c871,Nathan Su,2026-04-03,01:24:00,-07:00,2026-04-03T01:24:00-07:00,2,68
contact\index.html,6,html,8913c871,Nathan Su,2026-04-03,01:24:00,-07:00,2026-04-03T01:24:00-07:00,2,20
contact\index.html,7,html,8913c871,Nathan Su,2026-04-03,01:24:00,-07:00,2026-04-03T01:24:00-07:00,2,41
contact\index.html,8,html,71831e2a,Nathan Su,2026-04-15,21:26:33,-07:00,2026-04-15T21:26:33-07:00,2,48
contact\index.html,9,html,8913c871,Nathan Su,2026-04-03,01:24:00,-07:00,2026-04-03T01:24:00-07:00,0,5
contact\index.html,10,html,8913c871,Nathan Su,2026-04-03,01:24:00,-07:00,2026-04-03T01:24:00-07:00,0,4
contact\index.html,11,html,8913c871,Nathan Su,2026-04-03,01:24:00,-07:00,2026-04-03T01:24:00-07:00,2,14
contact\index.html,12,html,8913c871,Nathan Su,2026-04-03,01:24:00,-07:00,2026-04-03T01:24:00-07:00,0,0
contact\index.html,13,html,8913c871,Nathan Su,2026-04-03,01:24:00,-07:00,2026-04-03T01:24:00-07:00,2,69
contact\index.html,14,html,8913c871,Nathan Su,2026-04-03,01:24:00,-07:00,2026-04-03T01:24:00-07:00,4,5
contact\index.html,15,html,8913c871,Nathan Su,2026-04-03,01:24:00,-07:00,2026-04-03T01:24:00-07:00,6,4
contact\index.html,16,html,8913c871,Nathan Su,2026-04-03,01:24:00,-07:00,2026-04-03T01:24:00-07:00,6,31
contact\index.html,17,html,8913c871,Nathan Su,2026-04-03,01:24:00,-07:00,2026-04-03T01:24:00-07:00,4,6
contact\index.html,18,html,8913c871,Nathan Su,2026-04-03,01:24:00,-07:00,2026-04-03T01:24:00-07:00,0,0
contact\index.html,19,html,8913c871,Nathan Su,2026-04-03,01:24:00,-07:00,2026-04-03T01:24:00-07:00,4,5
contact\index.html,20,html,8913c871,Nathan Su,2026-04-03,01:24:00,-07:00,2026-04-03T01:24:00-07:00,6,6
contact\index.html,21,html,8913c871,Nathan Su,2026-04-03,01:24:00,-07:00,2026-04-03T01:24:00-07:00,6,20
contact\index.html,22,html,8913c871,Nathan Su,2026-04-03,01:24:00,-07:00,2026-04-03T01:24:00-07:00,4,6
contact\index.html,23,html,8913c871,Nathan Su,2026-04-03,01:24:00,-07:00,2026-04-03T01:24:00-07:00,0,0
contact\index.html,24,html,8913c871,Nathan Su,2026-04-03,01:24:00,-07:00,2026-04-03T01:24:00-07:00,4,5
contact\index.html,25,html,ebbacd35,Nathan Su,2026-04-03,01:47:48,-07:00,2026-04-03T01:47:48-07:00,6,3
contact\index.html,26,html,8913c871,Nathan Su,2026-04-03,01:24:00,-07:00,2026-04-03T01:24:00-07:00,6,31
contact\index.html,27,html,8913c871,Nathan Su,2026-04-03,01:24:00,-07:00,2026-04-03T01:24:00-07:00,4,6
contact\index.html,28,html,8913c871,Nathan Su,2026-04-03,01:24:00,-07:00,2026-04-03T01:24:00-07:00,0,0
contact\index.html,29,html,8913c871,Nathan Su,2026-04-03,01:24:00,-07:00,2026-04-03T01:24:00-07:00,4,21
contact\index.html,30,html,8913c871,Nathan Su,2026-04-03,01:24:00,-07:00,2026-04-03T01:24:00-07:00,2,5
contact\index.html,31,html,8913c871,Nathan Su,2026-04-03,01:24:00,-07:00,2026-04-03T01:24:00-07:00,0,0
contact\index.html,32,html,8913c871,Nathan Su,2026-04-03,01:24:00,-07:00,2026-04-03T01:24:00-07:00,0,5
contact\index.html,33,html,8913c871,Nathan Su,2026-04-03,01:24:00,-07:00,2026-04-03T01:24:00-07:00,0,5
